id,state_or_ut,scope,scheme_name,tag,ministry,benefit,annual,application_url,application_type,relevance_tier,source_file
an_pmmsy_fishermen,Andaman & Nicobar,state,PM Matsya Sampada Yojana — PMMSY (Andaman & Nicobar),fishermen; boat; equipment,"A&N Fisheries Dept. / Ministry of Fisheries, Animal Husbandry & Dairying (GoI)","Subsidy of 60% (SC/ST/Women) or 40% (General) on purchase of fishing boats, engines, and gear; up to ₹3 lakh subsidy for new fibreglass boat + engine; ₹50,000–₹1 lakh for deep-sea fishing equipment; cage aquaculture and seaweed cultivation assistance for island fishers; free Fish Farmer Producer Organisation (FFPO) membership; ₹5 lakh accident insurance for active fishermen at sea; ice plant and cold storage infrastructure support; training in modern deep-sea fishing techniques",300000,"fisheries.and.nic.in / District Fisheries Office, Port Blair",District Industry Center (DIC),A — direct enterprise/finance,Yojana-Sahay-main/src/states/andaman_nicobar.js
an_women_shg_nrlm,Andaman & Nicobar,state,DAY-NRLM Women SHG & Livelihood Scheme (A&N UT),women; shg; island livelihood,A&N Rural Development Dept. / NRLM — DAY-NRLM Mission,"Revolving fund of ₹15,000 per SHG; Community Investment Fund (CIF) of ₹50,000–₹1.5 lakh per group for income-generating activities; bank linkage loans at 7% interest (3% interest subvention); skill training in island-specific livelihoods — shell jewellery making, spice processing, Nicobarese crafts, bakery, tailoring, eco-tourism services; ₹500/month stipend during skill training; marketing linkage with national e-commerce platforms; special Nicobar Island Women Cluster programme",150000,"Block Development Office (BDO), Port Blair / Rangat / Car Nicobar / nearest Panchayat",District Industry Center (DIC),B — livelihood/agri/capability,Yojana-Sahay-main/src/states/andaman_nicobar.js
an_fishermen_accident_insurance,Andaman & Nicobar,state,Fishermen Welfare Fund & Accident Insurance (A&N UT),fishermen; insurance; safety,A&N Fisheries Dept. / National Fisheries Development Board,"₹5 lakh accident-cum-life insurance for registered fishermen going to sea; ₹2 lakh for partial disability; ₹50,000 for hospitalisation due to sea accident; ₹10,000 annual saving-cum-relief benefit from Fishermen Welfare Fund; free life jacket and safety equipment for registered active fishermen; subsidy on diesel/petrol for fishing boats of up to ₹10,000 per year; compensation of ₹1,500/week during ban period (fishing ban season)",60000,"District Fisheries Office, Port Blair / Mayabunder / Car Nicobar (offline registration)",District Industry Center (DIC),B — livelihood/agri/capability,Yojana-Sahay-main/src/states/andaman_nicobar.js
an_pvtg_tribal_welfare,Andaman & Nicobar,state,PVTG Welfare & Protection Scheme — AAJVS (A&N UT),tribal; pvtg; island indigenous,A&N Tribal Welfare Dept. / Ministry of Tribal Affairs (GoI) — Andaman Adim Janjati Vikas Samiti (AAJVS),"Comprehensive welfare for Particularly Vulnerable Tribal Groups (Great Andamanese, Onge, Nicobarese, Shompen) — free housing with modern amenities in tribal reserves; free rations (rice, pulses, edible oil, sugar) provided monthly by AAJVS; free healthcare at dedicated AAJVS health units with resident doctors; free education including residential schools (ashram schools) in tribal areas; ₹500/month cash allowance per adult tribal member; traditional livelihood support (hunting, fishing, gathering tools); no forced displacement or tourism encroachment protections",6000,"AAJVS Headquarters, Port Blair — administered automatically; tribal members need not apply individually",District Industry Center (DIC),B — livelihood/agri/capability,Yojana-Sahay-main/src/states/andaman_nicobar.js
ap_sc_st_corporation,Andhra Pradesh,state,AP SC/ST Corporation — Welfare & Livelihood Schemes (Andhra Pradesh),sc; st; scholarship; livelihood,AP SC Corporation (APSCFC) & ST Corporation (TRICOR) / Welfare Dept.,"Cluster of targeted welfare schemes administered through APSCFC (for SC) and TRICOR (for ST) covering multiple needs — key benefits: (1) Unit Assistance: ₹1 lakh–₹5 lakh loan at 4% interest for SC/ST entrepreneurs to start micro-enterprises (with 30–50% subsidy component); (2) Education: pre-matric and post-matric scholarships at ₹550–₹1,200 per month for SC/ST students in government and aided institutions; free residential school hostel seats in Gurukul schools across AP; (3) Land Distribution: allotment of ceiling surplus / government land to landless SC/ST agricultural labourers; (4) Scheduled Areas: special ITDA (Integrated Tribal Development Agency) programmes for ST in scheduled areas covering free seeds, tools, health camps, and PESA-based governance support; (5) AMBEDKAR OVERSEAS: scholarship for SC/ST students for higher education abroad",14400,apscorporation.ap.gov.in / tricor.ap.gov.in / District Welfare Officer (offline),District Industry Center (DIC),A — direct enterprise/finance,Yojana-Sahay-main/src/states/andhra_pradesh.js
ap_jagananna_thodu,Andhra Pradesh,state,Jagananna Thodu — Working Capital Loan for Petty Traders (Andhra Pradesh),business; petty trade; interest-free loan,AP BC Welfare Dept. / Jagananna Thodu — Working Capital Support,"Interest-free working capital loan of ₹10,000 per year for small street vendors, petty traders, and self-employed individuals from BC, SC, ST, minority, and Kapu communities — loan disbursed directly to beneficiary's bank account; repayment at zero interest; next year's loan disbursed after repayment of current year; covers shopkeepers, vegetable vendors, auto drivers, cobblers, tailors, barbers, flower sellers, small kiosk owners, and other self-employed informal sector workers; registration through Ward/Village Secretariat system; linked to APSSDC skill upgradation programmes; approximately 25 lakh beneficiaries annually; no collateral required",2500000,jaganannathodu.ap.gov.in / Ward/Village Secretariat (offline),District Industry Center (DIC),A — direct enterprise/finance,Yojana-Sahay-main/src/states/andhra_pradesh.js
ap_ysr_aasara,Andhra Pradesh,state,YSR Aasara — Women SHG Loan Waiver & Support (Andhra Pradesh),women; shg; loan waiver,AP Rural Development Dept. / SERP (Society for Elimination of Rural Poverty),"Two-pronged support for women Self-Help Group (SHG) members in Andhra Pradesh — (1) Loan Waiver Component: one-time waiver of SHG loans up to ₹1 lakh per SHG member from micro-finance institutions (MFIs) and commercial banks for women from BPL/poor households who are unable to repay; (2) Fresh Credit Support: interest-free or subsidised loans up to ₹1 lakh per SHG member for income-generating activities through APCNF/SERP network; skill development training linked to ZBF (Zero Budget Farming), organic agriculture, animal husbandry, and micro-enterprise; market linkage through 'Apni Mandi' and state-level fairs; covers rural women SHG members across all 26 districts; priority to Dalit and tribal women-led SHGs",100000,serp.ap.gov.in / Village Organisation (VO) / Mandal Samakhya (offline),District Industry Center (DIC),A — direct enterprise/finance,Yojana-Sahay-main/src/states/andhra_pradesh.js
ap_jagananna_colony,Andhra Pradesh,state,Jagananna Colony — Housing Scheme for Poor (Andhra Pradesh),housing; free site; bpl-ews,AP Housing Corporation / Jagananna Colonies (PMAY State Top-Up),"One of the largest housing schemes in India — provides free house site (3 cents of land) plus financial assistance for construction to BPL/EWS households across AP — key benefits: ₹1.80 lakh total construction assistance per household (Central PMAY-G ₹1.2 lakh + AP state top-up ₹60,000); released in 4 installments tied to construction milestones; free house site (patta/land title deed) in Jagananna Colonies — government-developed township layouts with basic amenities (internal roads, drainage, electricity, water); house design is 323 sq ft (2 BHK standard plan) with earthquake and cyclone-resistant construction; mandatory functional toilet and drinking water tap; priority to SC/ST, fisherfolk, weaver households, and families displaced by natural disasters; covers all 13 original districts (now 26 districts post reorganisation); additional ₹10,000 incentive for timely completion",180000,jaganannaaasara.ap.gov.in / Ward/Village Secretariat (offline),District Industry Center (DIC),B — livelihood/agri/capability,Yojana-Sahay-main/src/states/andhra_pradesh.js
ap_ysr_cheyutha,Andhra Pradesh,state,YSR Cheyutha — Women's Economic Empowerment Scheme (Andhra Pradesh),women; direct benefit; bc-sc-st,AP Women Development & Child Welfare Dept. / YSR Cheyutha,"Direct financial assistance of ₹18,750 per year to women aged 45–60 years from BC (Backward Class), SC, ST, and minority communities to support self-employment and livelihoods — paid in 4 quarterly installments of ₹4,687 directly to the beneficiary's bank account; no conditionality on how the money is spent — designed to provide economic autonomy to women in the vulnerable 45–60 age group who are often excluded from other schemes; covers approximately 23 lakh women across AP; combined with convergence benefits including free health check-ups under Aarogyasri, enrollment in SHG groups under APCNF, and skill training opportunities",18750,navasakam.ap.gov.in / Ward/Village Secretariat (offline),District Industry Center (DIC),B — livelihood/agri/capability,Yojana-Sahay-main/src/states/andhra_pradesh.js
ap_ysr_pension_kanuka,Andhra Pradesh,state,YSR Pension Kanuka — Social Security Pension (Andhra Pradesh),senior; pension; disability; widow,AP Social Welfare Dept. / YSR Pension Kanuka,"Monthly social security pension for vulnerable groups in Andhra Pradesh delivered door-to-door by volunteers on the 1st of every month — pension amounts: ₹2,750/month for old-age pensioners (60+ years, BPL), widows, and deserted women; ₹3,000/month for persons with disability (40%+ disability); ₹3,000/month for weavers, toddy tappers, fishermen, and single women (dhobi, barber community); ₹3,500/month for persons with 100% disability; ₹10,000/month for HIV-positive persons; home delivery of pension cash by Village/Ward Volunteer directly at doorstep — no need to visit a bank or government office; covers approximately 65 lakh pensioners across AP; no family income ceiling for disability pensioners; all pensioners also entitled to free Aarogyasri health insurance",33000,navasakam.ap.gov.in / Ward/Village Secretariat or Village Volunteer (offline),District Industry Center (DIC),B — livelihood/agri/capability,Yojana-Sahay-main/src/states/andhra_pradesh.js
arunachal_apslrm_shg,Arunachal Pradesh,state,Arunachal Pradesh State Livelihoods Mission — Women SHG Support,women; shg; livelihood; tribal craft,Arunachal Pradesh State Livelihoods & Rural Management Society (APSLRMS) / Rural Development Dept.,"Comprehensive livelihood support for rural women through Self-Help Groups (SHGs) across Arunachal Pradesh — key benefits: ₹15,000 interest-free revolving fund for newly formed SHGs; community investment fund (CIF) loans up to ₹3 lakh per SHG at subsidised rates for income-generating activities; skill development training in Arunachal's traditional crafts — cane and bamboo weaving, Adi, Nyishi, Monpa, and Apatani handloom textiles, food processing (bamboo shoot, pickles, wild honey), and eco-tourism homestay management; market linkage through state-level fairs and 'Arunachal Handloom & Handicraft' brand; group insurance coverage under PM Jeevan Jyoti and Suraksha Bima; connects to MUDRA pipeline for individual business loans; covers all 26 districts with priority to remote frontier districts and women from ILP-zone villages; special focus on tribal women artisans preserving indigenous craft traditions",300000,arunachalpradesh.gov.in/rural / Block Development Officer (offline),District Industry Center (DIC),A — direct enterprise/finance,Yojana-Sahay-main/src/states/arunachal_pradesh.js
arunachal_cmses,Arunachal Pradesh,state,Chief Minister's Self Employment Scheme (CMSES) — Arunachal Pradesh,youth; self-employment; entrepreneur,Arunachal Pradesh Industries Dept. / Chief Minister's Self Employment Scheme (CMSES),"Collateral-free financial assistance to educated unemployed youth and first-generation entrepreneurs of Arunachal Pradesh to set up micro and small enterprises — key benefits: project loan of ₹50,000–₹20 lakh with 30–50% capital subsidy (higher subsidy for women, ST applicants, differently-abled, and applicants from remote frontier districts); bank loan component facilitated through Arunachal Pradesh Rural Bank and nationalised banks; free Entrepreneurship Development Programme (EDP) training through District Industries Centre (DIC) and APIIC (Arunachal Pradesh Industrial Infrastructure Corporation); priority sectors aligned with Arunachal's strengths: eco-tourism and homestay, bamboo & cane products, food processing (kiwi/orange/cardamom value addition, bamboo shoot processing), handloom textiles, fisheries and pisciculture, IT/digital services; special higher subsidy package for applicants from Category A districts (most remote districts); mandatory Permanent Resident Certificate (PRC) for eligibility",2000000,arunachalpradesh.gov.in/industries / District Industries Centre (DIC) (offline),District Industry Center (DIC),A — direct enterprise/finance,Yojana-Sahay-main/src/states/arunachal_pradesh.js
arunachal_st_welfare,Arunachal Pradesh,state,Arunachal Pradesh Scheduled Tribe Welfare & Scholarship Schemes,tribal; st; scholarship; cultural welfare,Arunachal Pradesh Welfare of ST & BC Dept. / Tribal Research Institute (TRI),"Arunachal Pradesh has over 26 major tribes (Adi, Nyishi, Galo, Apatani, Monpa, Wancho, Nocte, Tangsa, Idu Mishmi, Tagin, and others) — this cluster of schemes covers: (1) Pre-Matric Scholarship: ₹500–₹1,100 per month for ST students in Classes 9–10 studying in government or aided schools; (2) Post-Matric Scholarship: ₹750–₹1,500 per month for ST students in Class 11 through post-graduation; (3) Free Residential Gurukul / Tribal Hostels: hostel accommodation at district headquarters with free boarding, lodging, and study material for ST students studying away from home; (4) Cultural Preservation Grant: ₹5,000–₹10,000 per registered tribal cultural group for organising tribe-specific festivals, craft exhibitions, and language preservation activities; (5) Artisan Support: ₹4,000 annual tool kit grant for registered tribal artisans (weavers, cane-bamboo craftsmen, wood carvers); (6) Overseas Scholarship: full scholarship for meritorious ST students for higher education abroad; (7) PRC-based priority in all state government jobs and educational institutions",18000,arunachalpradesh.gov.in/tribal / District Welfare Officer (offline),District Industry Center (DIC),B — livelihood/agri/capability,Yojana-Sahay-main/src/states/arunachal_pradesh.js
arunachal_horticulture_mission,Arunachal Pradesh,state,Arunachal Pradesh State Horticulture Mission — Farmer Support,farmer; horticulture; kiwi-apple-cardamom,Arunachal Pradesh Horticulture Dept. / State Horticulture Mission (SHM),"Comprehensive horticulture development scheme leveraging Arunachal Pradesh's diverse agro-climatic zones for high-value fruit and spice cultivation — key benefits: 50–75% subsidy on planting material for kiwi, apple, mandarin orange, pineapple, passion fruit, large cardamom, ginger, and turmeric (major cash crops of Arunachal); 60% subsidy on drip and sprinkler irrigation systems for hill terrace farms; polyhouse/greenhouse setup subsidy up to ₹56,000 per unit (60% of cost); free cold storage access at district level to reduce post-harvest losses; market linkage through NAFED and state-level horticulture cooperatives; training at Central Horticultural Experiment Station (CHES), Sangla; ₹7,500 per hectare incentive for maintaining certified orchard; special assistance for Apatani (Ziro Valley) wetland rice and pisciculture integrated farming system",7500,arunachalpradesh.gov.in/horticulture / District Horticulture Officer (offline),District Industry Center (DIC),B — livelihood/agri/capability,Yojana-Sahay-main/src/states/arunachal_pradesh.js
assam_weaver_scheme,Assam,state,Assam Handloom Weavers' Development Scheme,weaver; artisan,"Assam Handloom, Textile & Sericulture Dept.","30% capital subsidy on loom upgrades (up to ₹30,000) + yarn subsidy (10% on purchase price) + free tool kit for traditional weavers of Mekhela Chador, Gamosa & Eri silk; cluster-based training and market linkage",30000,handloom.assam.gov.in,District Industry Center (DIC),A — direct enterprise/finance,Yojana-Sahay-main/src/states/assam.js
assam_mukhyamantri_atmanirbhar,Assam,state,Mukhyamantri Atmanirbhar Asom Abhiyan,youth; business,"Assam Skill, Employment & Entrepreneurship Dept.",₹2 Lakh interest-free loan + free skill training for unemployed youth,200000,https://www.govtschemes.in/mukhyamantri-atmanirbhar-asom-scheme,Online via Portal,A — direct enterprise/finance,Yojana-Sahay-main/src/states/assam.js
assam_mmua,Assam,state,Mukhyamantri Mahila Udyamita Abhiyan (Assam),women; shg; entrepreneurship,Assam Panchayat & Rural Development Dept. (ASRLM),"₹10,000 seed capital (Phase 1) + ₹25,000 loan (Phase 2) + further support up to ₹85,000 total for women SHG members to become rural micro-entrepreneurs (Lakhpati Baideo)",85000,https://www.govtschemes.in/assam-mukhyamantri-mahila-udyamita-abhiyan,Online via Portal,A — direct enterprise/finance,Yojana-Sahay-main/src/states/assam.js
assam_svayem,Assam,state,SVAYEM Scheme (Assam),youth; business,Assam Industries & Commerce Dept.,"Loan up to ₹2 lakh + seed money ₹50,000 for youth starting businesses in manufacturing, trade or services",200000,https://industriescom.assam.gov.in,Online via Portal,A — direct enterprise/finance,Yojana-Sahay-main/src/states/assam.js
assam_sarothi,Assam,state,Sarothi Start-Up Fund (Assam),startup; business,Assam Industries & Commerce Dept.,Seed capital + working capital funding for first-generation entrepreneurs and innovative startups in Assam,100000,https://industriescom.assam.gov.in,Online via Portal,A — direct enterprise/finance,Yojana-Sahay-main/src/states/assam.js
assam_swanirbhar_naari,Assam,state,Swanirbhar Naari Scheme (Assam),women; business,Assam Women & Child Dev. Dept.,"Interest-free loan up to ₹50,000 + training for women's self-employment",50000,https://www.myscheme.gov.in/schemes/naari,Online via Portal,A — direct enterprise/finance,Yojana-Sahay-main/src/states/assam.js
assam_matsyadeep,Assam,state,Chief Minister's Matsyadeep Scheme (Assam),fishermen; subsidy,Assam Fisheries Dept.,"50% subsidy on motorised fishing boats, nets & equipment for traditional fishermen; up to ₹50,000 per beneficiary; promotes blue economy in Assam's rivers & wetlands",50000,fisheries.assam.gov.in,District Industry Center (DIC),B — livelihood/agri/capability,Yojana-Sahay-main/src/states/assam.js
assam_jibika_sakhi,Assam,state,Jibika Sakhi Express Scheme (Assam),women; shg; rural,Assam State Rural Livelihood Mission (ASRLM),"Free scooter to women SHG community cadres (Krishi Sakhi, Pashu Sakhi, Bima Sakhi, Jibika Sakhi etc.) to travel rural areas and support self-help groups; over 10,900 scooters distributed so far",60000,asrlms.assam.gov.in,District Industry Center (DIC),B — livelihood/agri/capability,Yojana-Sahay-main/src/states/assam.js
assam_lakhpati_baideo,Assam,state,Lakhpati Baideo Scheme (Assam),women; shg,Assam Panchayat & Rural Development Dept.,"₹35,000 financial assistance to women SHG members to start small businesses — targets 40 lakh women",35000,https://assamcmaaa.com/lakhpati-baideo-scheme,Online via Portal,B — livelihood/agri/capability,Yojana-Sahay-main/src/states/assam.js
assam_bakri_palan,Assam,state,Mukhyamantri Bakri Palan Yojana (Assam),farmer; animal husbandry,Assam Animal Husbandry & Veterinary Dept.,Free goat unit (2 female + 1 male) to BPL / SC / ST families for livelihood; includes veterinary support & insurance for one year,15000,ahvassam.gov.in,District Industry Center (DIC),B — livelihood/agri/capability,Yojana-Sahay-main/src/states/assam.js
assam_dairy_incentive,Assam,state,Mukhyamantri Dugdha Utpadak Sahayata Yojana (Assam),farmer; dairy,Assam Animal Husbandry & Dairying Dept.,₹5/litre direct cash incentive (DBT) to dairy farmers for milk sold to registered cooperatives / collection centres; promotes white revolution in Assam,18000,ahvassam.gov.in,District Industry Center (DIC),B — livelihood/agri/capability,Yojana-Sahay-main/src/states/assam.js
bihar_laghu_udyami,Bihar,state,Bihar Laghu Udyami Yojana (Bihar),bpl; micro enterprise,Bihar Industries Dept.,"₹2 lakh outright grant (no repayment) to one member of each BPL household to start a micro enterprise; covers 94 lakh poor families across Bihar; 3 installments of ₹25,000 / ₹50,000 / ₹1.25 lakh",200000,https://udyami.bihar.gov.in,Online via Portal,A — direct enterprise/finance,Yojana-Sahay-main/src/states/bihar.js
bihar_student_credit_card,Bihar,state,Bihar Student Credit Card Scheme (7 Nischay),student; education loan,Bihar Education Dept. / Bihar Student Credit Card Cell,"Education loan up to ₹4 lakh at 4% simple interest (1% for girls, disabled & transgender) for higher education after Class 12; no collateral; moratorium till 1 year after course completion; covers tuition, hostel, books, laptop",400000,https://www.myscheme.gov.in/schemes/bsccs,Online via Portal,A — direct enterprise/finance,Yojana-Sahay-main/src/states/bihar.js
bihar_mahila_udyami,Bihar,state,Mukhyamantri Mahila Udyami Yojana (Bihar),women; entrepreneurship,Bihar Industries Dept. / Bihar Startup,₹10 lakh per woman entrepreneur: ₹5 lakh as outright grant (no repayment) + ₹5 lakh as interest-free loan repayable over 84 months; for starting a new manufacturing or service enterprise,500000,https://udyami.bihar.gov.in,Online via Portal,A — direct enterprise/finance,Yojana-Sahay-main/src/states/bihar.js
bihar_sc_st_udyami,Bihar,state,Mukhyamantri SC/ST Udyami Yojana (Bihar),sc; st; entrepreneurship,Bihar Industries Dept.,₹10 lakh per SC/ST entrepreneur: ₹5 lakh outright grant + ₹5 lakh interest-free loan (repayable over 84 months); for setting up a new manufacturing/service/trade enterprise,500000,https://udyami.bihar.gov.in,Online via Portal,A — direct enterprise/finance,Yojana-Sahay-main/src/states/bihar.js
bihar_yuva_udyami,Bihar,state,Mukhyamantri Yuva Udyami Yojana (Bihar),youth; entrepreneurship,Bihar Industries Dept.,₹10 lakh for General/OBC/EWS youth entrepreneurs (aged 18–50): ₹5 lakh grant + ₹5 lakh loan at 1% interest; for starting a new enterprise in manufacturing or service sector,500000,https://udyami.bihar.gov.in,Online via Portal,A — direct enterprise/finance,Yojana-Sahay-main/src/states/bihar.js
chandigarh_skill_development,Chandigarh,state,Chandigarh Skill Development Mission (CSDM),skill; employment; youth,Chandigarh UT Administration — Dept. of Technical Education & Industrial Training,"Free short-term skill training (3–6 months) in trades like electrician, plumbing, IT, beauty & wellness, retail, construction, hospitality, and healthcare for Chandigarh residents; training conducted at ITIs and empanelled training centres; placement assistance and job fairs organised post-training; stipend/allowance may be provided during training; certificates recognised by NCVT/NSDC",100000,"chandigarh.gov.in/skill or nearest ITI, Chandigarh",Online via Portal,C — capability/enabling,Yojana-Sahay-main/src/states/chandigarh.js
cg_msme_subsidy,Chhattisgarh,state,CG Industrial Policy MSME Capital Subsidy,business,Chhattisgarh Commerce & Industry Dept.,25–40% capital investment subsidy (up to ₹40 Lakh) + 5-year electricity duty exemption for new MSME units,400000,https://invest.cg.gov.in/policy-notifications,Online via Portal,A — direct enterprise/finance,Yojana-Sahay-main/src/states/chhattisgarh.js
cg_startup_niti,Chhattisgarh,state,Chhattisgarh Startup Policy 2021,business,Chhattisgarh Commerce & Industry Dept.,₹25 Lakh seed fund + mentorship + co-working space + tax exemption for recognized CG startups,2500000,https://invest.cg.gov.in/startup/policy-guidelines,Online via Portal,A — direct enterprise/finance,Yojana-Sahay-main/src/states/chhattisgarh.js
cg_mukhyamantri_hastshilp,Chhattisgarh,state,Mukhyamantri Hastshilp Protsahan Yojana,business,Chhattisgarh Handicraft & Handloom Dept.,"Artisans get tool kits worth ₹5,000, design training & marketing linkage with GI-tagged CG crafts",10000,cghandicraft.gov.in,District Industry Center (DIC),A — direct enterprise/finance,Yojana-Sahay-main/src/states/chhattisgarh.js
cg_yuva_mitan,Chhattisgarh,state,Mukhyamantri Yuva Swarojgar Yojana,business,Chhattisgarh Skill Development Dept.,Loan up to ₹2 Lakh at 5% interest for youth self-employment ventures,200000,cgstate.gov.in,District Industry Center (DIC),A — direct enterprise/finance,Yojana-Sahay-main/src/states/chhattisgarh.js
cg_shg_loan,Chhattisgarh,state,Bihan SHG Revolving Fund & Bank Linkage,women,Chhattisgarh Rural Livelihood Mission (Bihan),"₹10,000–₹15,000 revolving fund + bank loan linkage at 3% interest for women SHGs",15000,cgrlm.gov.in,District Industry Center (DIC),B — livelihood/agri/capability,Yojana-Sahay-main/src/states/chhattisgarh.js
cg_eco_tourism,Chhattisgarh,state,CG Eco-Tourism Development Scheme,business,Chhattisgarh Forest Dept. / Tourism Board,Tribal & rural communities get training + infrastructure grants to run forest homestays & eco-camps,50000,cgtourism.in,District Industry Center (DIC),B — livelihood/agri/capability,Yojana-Sahay-main/src/states/chhattisgarh.js
cg_matsya_palan,Chhattisgarh,state,Mukhyamantri Matsya Palan Protsahan Yojana,farmer,Chhattisgarh Fisheries Dept.,"50% subsidy (up to ₹50,000) on pond construction, fish seed & equipment for fish farmers",50000,fisheries.cg.gov.in,District Industry Center (DIC),B — livelihood/agri/capability,Yojana-Sahay-main/src/states/chhattisgarh.js
cg_pashu_bima,Chhattisgarh,state,Mukhyamantri Pashu Swasthya Evam Bima Yojana,farmer,Chhattisgarh Animal Husbandry Dept.,"Free veterinary treatment + livestock insurance up to ₹40,000/animal for cattle, goat & poultry",40000,ahvs.cg.gov.in,District Industry Center (DIC),B — livelihood/agri/capability,Yojana-Sahay-main/src/states/chhattisgarh.js
delhi_kvib_artisan,Delhi,state,Artisan & Cottage Industry Support (DKVIB Delhi),livelihood,Delhi Khadi & Village Industries Board (DKVIB),"Subsidised loans, tools & training for artisans and home-based cottage workers",5000,dkvib.delhi.gov.in,District Industry Center (DIC),A — direct enterprise/finance,Yojana-Sahay-main/src/states/delhi.js
delhi_day_nulm,Delhi,state,DAY-NULM — Urban Poor SHG & Self-Employment (Delhi),employment,Delhi Urban Development Dept. (DAY-NULM / MoHUA),"Self-Help Group formation for urban poor women + revolving fund ₹10,000 per SHG + self-employment micro-loans up to ₹2 lakh + free skill training",10000,nulm.gov.in / urban.delhi.gov.in,District Industry Center (DIC),A — direct enterprise/finance,Yojana-Sahay-main/src/states/delhi.js
delhi_minority_loan,Delhi,state,DMFC Livelihood / Business Loan for Minorities (Delhi),livelihood,Delhi Minority Financial & Development Corporation (DMFC),Concessional business & self-employment loans up to ₹20 lakh at 6% interest for minority communities,2000000,minorities.delhi.gov.in,District Industry Center (DIC),A — direct enterprise/finance,Yojana-Sahay-main/src/states/delhi.js
delhi_dscstfdc_loan,Delhi,state,DSCSTFDC Business & Self-Employment Loan for SC/ST (Delhi),entrepreneurship,Delhi SC/ST/OBC/Minority Financial Development Corporation (DSCSTFDC),Concessional loans up to ₹15 lakh at 5–6% interest for SC/ST entrepreneurs & self-employed persons; ₹2 lakh micro-credit for SC/ST women at 4% interest; includes free entrepreneurship training at DSCSTFDC centres,1500000,"dscstfdc.delhi.gov.in / DSCSTFDC head office, New Delhi",District Industry Center (DIC),A — direct enterprise/finance,Yojana-Sahay-main/src/states/delhi.js
delhi_startup_policy,Delhi,state,Delhi Startup Policy — Seed Fund & Incubation Support,entrepreneurship,Delhi Innovation Bureau / DTIC,"Seed grants up to ₹50 lakh, free co-working space, mentorship & fast-track regulatory support for Delhi-based startups",5000000,https://seedfund.startupindia.gov.in,Online via Portal,A — direct enterprise/finance,Yojana-Sahay-main/src/states/delhi.js
delhi_muva,Delhi,state,Mukhyamantri Yuva Udyami Vikas Abhiyan — MUVA (Delhi),entrepreneurship,Delhi Skill & Entrepreneurship University (DSEU),Zero-collateral business loans up to ₹25 lakh + mentorship for young entrepreneurs,2500000,https://dseu.ac.in/muva,Online via Portal,A — direct enterprise/finance,Yojana-Sahay-main/src/states/delhi.js
delhi_obc_loan,Delhi,state,OBC Business & Self-Employment Loan (Delhi — DBCFDC),entrepreneurship,Delhi Backward Classes Financial Development Corporation (DBCFDC),Subsidised loans up to ₹5 lakh at 6% interest for OBC (Non-Creamy Layer) entrepreneurs & self-employed persons,500000,dbcfdc.delhi.gov.in,District Industry Center (DIC),A — direct enterprise/finance,Yojana-Sahay-main/src/states/delhi.js
delhi_svnidhi,Delhi,state,PM SVANidhi — Street Vendor Micro-Credit Scheme (Delhi),livelihood,Ministry of Housing & Urban Affairs — PM SVANidhi (Delhi MCD),"Collateral-free working capital loan ₹10,000 (1st), ₹20,000 (2nd), ₹50,000 (3rd tranche) at 7% interest; 7% interest subsidy via DBT; digital transactions rewarded up to ₹1,200/year cashback",10000,https://web.umang.gov.in/landing/scheme/detail/pm-street-vendors-atmanirbhar-nidhi-pm-svanidhi_pm-svanidhi.html,Online via Portal,A — direct enterprise/finance,Yojana-Sahay-main/src/states/delhi.js
delhi_svnidhi_vendor,Delhi,state,PM SVANidhi — Street Vendor Working Capital Loan (Delhi),livelihood,Delhi Urban Development / South MCD,"Collateral-free loans of ₹10,000–₹50,000 at 7% interest with digital incentives for street vendors",10000,https://www.myscheme.gov.in/schemes/pm-svanidhi,Online via Portal,A — direct enterprise/finance,Yojana-Sahay-main/src/states/delhi.js
delhi_pm_vishwakarma,Delhi,state,PM Vishwakarma Yojana (Delhi),livelihood,Ministry of MSME (implemented in Delhi via DIC),"Free skill training (5–15 days) + toolkit grant ₹15,000 + collateral-free loan ₹1–3 lakh at 5% for 18 traditional trades (blacksmith, carpenter, potter, tailor, weaver etc.)",15000,https://www.myscheme.gov.in/schemes/pmv,Online via Portal,A — direct enterprise/finance,Yojana-Sahay-main/src/states/delhi.js
delhi_pmay_clss,Delhi,state,PMAY Urban — Credit-Linked Subsidy Scheme (CLSS) for EWS / LIG (Delhi),housing,Ministry of Housing & Urban Affairs (PMAY-U CLSS) / Delhi NHB-linked Banks,6.5% interest subsidy on home loans up to ₹6 lakh (EWS/LIG); NPV benefit of ~₹2.67 lakh; for first-time homebuyers in Delhi with household income up to ₹6 lakh/year,26700,https://pmay-urban.gov.in/credit-linked-subsidy-scheme,Online via Portal,A — direct enterprise/finance,Yojana-Sahay-main/src/states/delhi.js
delhi_dsidc_sc_loan,Delhi,state,SC/ST Entrepreneur Loan Scheme (Delhi),entrepreneurship,Delhi SC/ST Development Corp. (DSCSTFDC),Subsidised loans up to ₹20 lakh at 4–6% interest for SC/ST entrepreneurs,2000000,https://www.myscheme.gov.in/schemes/sui,Online via Portal,A — direct enterprise/finance,Yojana-Sahay-main/src/states/delhi.js
delhi_erickshaw_loan,Delhi,state,Delhi E-Rickshaw Purchase Loan & Subsidy Scheme,livelihood,Delhi Transport Dept. / DSCSTFDC / Delhi EV Cell,"Subsidised loan of ₹50,000–₹1.2 lakh at low interest for purchasing e-rickshaw; 25% additional subsidy for SC/ST, women & BPL applicants; includes free e-rickshaw training & badge",120000,transport.delhi.gov.in / ev.delhi.gov.in,District Industry Center (DIC),B — livelihood/agri/capability,Yojana-Sahay-main/src/states/delhi.js
goa_cm_rozgar_yojana,Goa,state,Chief Minister's Rozgar Yojana (Goa),youth; self-employment; loan,Goa Dept. of Labour & Employment,"Subsidised loans of ₹10–25 lakh for Goa domicile youth (18–45 years) to start self-employment ventures; 30% capital subsidy (max ₹3 lakh) for general category; 40% subsidy for SC/ST/Women/differently-abled; repayable in 5–7 years; covers trade, service, and manufacturing sectors",2500000,labour.goa.gov.in / District Employment Exchange,District Industry Center (DIC),A — direct enterprise/finance,Yojana-Sahay-main/src/states/goa.js
gujarat_cold_chain,Gujarat,state,Cold Storage & Warehouse Subsidy – Agri Infra (Gujarat),farmer; agri infra,Gujarat Agriculture & APMC – Agri Infrastructure Fund,"25–40% capital subsidy for construction of cold storage, pack houses & primary processing units for farmers / FPOs",100000,https://msmeloans.in/aif-agriculture-infrastructure-fund-for-cold-storage,Online via Portal,A — direct enterprise/finance,Yojana-Sahay-main/src/states/gujarat.js
gujarat_divyang_employment,Gujarat,state,Divyang Self-Employment Scheme (Gujarat),disability; self-employment,Gujarat Social Justice & Empowerment Dept.,50% subsidy up to ₹2 Lakh for disabled persons to set up a small business or shop,200000,https://www.myscheme.gov.in/schemes/sesg,Online via Portal,A — direct enterprise/finance,Yojana-Sahay-main/src/states/gujarat.js
gujarat_urban_livelihood,Gujarat,state,Gujarat Urban Livelihood Mission – Self-Employment Loan (GULP),labour; urban poor,Gujarat Urban Development Dept. – GULP / NULM,"Loan up to ₹2 Lakh at 7% interest + free skill training for urban street vendors, artisans & self-employed poor",200000,nulm.gov.in / local ULB office,District Industry Center (DIC),A — direct enterprise/finance,Yojana-Sahay-main/src/states/gujarat.js
gujarat_manav_garima,Gujarat,state,Manav Garima Yojana (Gujarat),business; sc,Gujarat Social Justice & Empowerment Dept.,"Free toolkit worth ₹4,000 for SC artisans to start self-employment",4000,https://www.myscheme.gov.in/schemes/mgy,Online via Portal,A — direct enterprise/finance,Yojana-Sahay-main/src/states/gujarat.js
gujarat_minority_loan,Gujarat,state,Minority Self-Employment Loan (Gujarat),business; minority loan,Gujarat Minority Finance & Development Corporation,"Low-interest loan up to ₹10 Lakh at 5% p.a. for entrepreneurs from Muslim, Christian, Parsi, Jain, Buddhist & Sikh communities",1000000,https://www.myscheme.gov.in/schemes/elgmfdcl,Online via Portal,A — direct enterprise/finance,Yojana-Sahay-main/src/states/gujarat.js
gujarat_icreate,Gujarat,state,iCreate – Gujarat Startup Seed Funding & Incubation,business; startup,Gujarat Science & Technology Dept. / iCreate,"Seed grant up to ₹15 Lakh + mentoring, lab access & co-working space for tech startups",1500000,https://seedfund.startupindia.gov.in/portfolio,Online via Portal,A — direct enterprise/finance,Yojana-Sahay-main/src/states/gujarat.js
gujarat_aajeevika,Gujarat,state,Gujarat Aajeevika Mission – SHG Revolving Fund & Livelihood,women; rural livelihood,Gujarat Rural Livelihood Mission (GRLM – Aajeevika),"₹15,000 revolving fund per SHG + bank linkage, livelihood training & market access for rural poor women",15000,glpc.gujarat.gov.in,District Industry Center (DIC),B — livelihood/agri/capability,Yojana-Sahay-main/src/states/gujarat.js
gujarat_handloom_weaver,Gujarat,state,Handloom Weaver Welfare – Yarn & Loom Subsidy (Gujarat),labour; handloom,Gujarat Handloom Corporation / Industries Dept.,50% subsidy on yarn & tools + ₹2 Lakh upgraded loom grant + marketing support for registered handloom weavers,24000,industries.gujarat.gov.in,District Industry Center (DIC),B — livelihood/agri/capability,Yojana-Sahay-main/src/states/gujarat.js
gujarat_machhi_mar,Gujarat,state,Machhi Mar Kalyan Yojana – Fishermen Welfare (Gujarat),fishermen; welfare,Gujarat Fisheries Dept.,₹2 Lakh accident insurance + 50% subsidy on boat & net equipment for registered fishermen,50000,https://www.myscheme.gov.in/schemes/ascfsrguj,Online via Portal,B — livelihood/agri/capability,Yojana-Sahay-main/src/states/gujarat.js
gujarat_mahila_utkarsh,Gujarat,state,Mukhyamantri Mahila Utkarsh Yojana (Gujarat),women; shg,Gujarat Finance Dept. / SEWA Bank,Interest-free loan up to ₹1 Lakh for women SHGs (SWAMIH / SHRI groups),100000,https://sje.gujarat.gov.in/gntdnt/Women-affluence-scheme,Online via Portal,B — livelihood/agri/capability,Yojana-Sahay-main/src/states/gujarat.js
gujarat_pashu_sahay,Gujarat,state,Pashu Palan Sahay – Livestock Purchase Subsidy (Gujarat),farmer; livestock,Gujarat Animal Husbandry Dept.,"50% subsidy (SC/ST) · 25% (Others) on purchase of milch cattle, goats & poultry units",50000,https://macrofinance.nipfp.org.in/PDF/10_Sugoor_Micro_Irrigation_in_Gujarat.pdf,Online via Portal,B — livelihood/agri/capability,Yojana-Sahay-main/src/states/gujarat.js
haryana_mahila_samridhi,Haryana,state,Mahila Samridhi Yojana (Haryana),women; sc self-employment,Haryana SC & BC Finance & Dev. Corp. (HSFDC),"Loan up to ₹60,000 at 5% interest/year for SC women self-employment",60000,hsfdc.org.in,District Industry Center (DIC),A — direct enterprise/finance,Yojana-Sahay-main/src/states/haryana.js
haryana_pashu_credit,Haryana,state,Pashu Kisan Credit Card (Haryana),farmer; livestock loan,"Animal Husbandry & Dairying Dept., Haryana","Livestock loan — ₹40,783/cattle · ₹60,249/buffalo · ₹4,063/sheep/goat · at 4% interest with state interest subvention",40783,pashudhanharyana.gov.in,District Industry Center (DIC),A — direct enterprise/finance,Yojana-Sahay-main/src/states/haryana.js
haryana_swarna_jayanti,Haryana,state,Swarna Jayanti Anusuchit Jaati Utthan Yojana,business; sc youth loan,"Welfare of SC & BC Dept., Haryana",Interest-free loan up to ₹5 Lakh for SC youth to start new business/enterprise,500000,haryanascbc.gov.in,District Industry Center (DIC),A — direct enterprise/finance,Yojana-Sahay-main/src/states/haryana.js
haryana_pashudhan_bima,Haryana,state,Pashudhan Bima Yojana (Haryana),farmer; livestock insurance,"Animal Husbandry & Dairying Dept., Haryana",Livestock insurance at 50% subsidised premium (70% for SC/ST/BPL farmers),100000,pashudhanharyana.gov.in,District Industry Center (DIC),B — livelihood/agri/capability,Yojana-Sahay-main/src/states/haryana.js
hp_handicraft_handloom,Himachal Pradesh,state,HP Handicraft & Handloom Development Scheme,business,HP Industry Dept. / HP Handicrafts & Handloom Corp.,50% subsidy on loom/tool purchase + free skill training + e-commerce marketing support for weavers & artisans,100000,hpkvib.gov.in,District Industry Center (DIC),A — direct enterprise/finance,Yojana-Sahay-main/src/states/himachal_pradesh.js
hp_homestay,Himachal Pradesh,state,HP Homestay Scheme,business,HP Tourism & Civil Aviation Dept.,Up to ₹1.5 Lakh one-time grant + interest subsidy on loan for setting up a registered homestay for rural households,150000,hptdc.in,District Industry Center (DIC),A — direct enterprise/finance,Yojana-Sahay-main/src/states/himachal_pradesh.js
hp_startup_policy,Himachal Pradesh,state,HP StartUp Policy 2019,business,HP Industries Dept. / StartUp Cell,Seed grant up to ₹10 Lakh + 3-year electricity & rent subsidy + mentorship for innovative startups by HP youth,1000000,https://emerginghimachal.hp.gov.in/startup,Online via Portal,A — direct enterprise/finance,Yojana-Sahay-main/src/states/himachal_pradesh.js
hp_swavlamban,Himachal Pradesh,state,Mukhya Mantri Swavlamban Yojana,business,HP Industries Dept.,25–35% capital subsidy on plant & machinery for starting own enterprise (up to ₹60 Lakh project),6000000,https://mmsy.hp.gov.in,Online via Portal,A — direct enterprise/finance,Yojana-Sahay-main/src/states/himachal_pradesh.js
hp_svanidhi,Himachal Pradesh,state,PM SVANidhi – Street Vendor Micro-Credit (HP),business,HP Urban Development Dept. / MoHUA,"Collateral-free working capital loan: ₹10,000 (1st), ₹20,000 (2nd), ₹50,000 (3rd cycle) + 7% interest subsidy for street vendors in HP towns",10000,https://www.myscheme.gov.in/schemes/pm-svanidhi,Online via Portal,A — direct enterprise/finance,Yojana-Sahay-main/src/states/himachal_pradesh.js
hp_matsya_palan,Himachal Pradesh,state,HP Fisheries Development Scheme,farmer,HP Fisheries Dept.,"40–60% subsidy on fish pond construction, fingerlings, fish feed & fishing equipment for fish farmers",100000,hpfisheries.gov.in,District Industry Center (DIC),B — livelihood/agri/capability,Yojana-Sahay-main/src/states/himachal_pradesh.js
hp_nari_shakti,Himachal Pradesh,state,Nari Shakti Yojana (HP),women,HP Women & Child Development Dept.,Interest-free / low-interest loans up to ₹1 Lakh for women Self-Help Groups (SHGs) + free skill training,100000,himachal.nic.in,District Industry Center (DIC),B — livelihood/agri/capability,Yojana-Sahay-main/src/states/himachal_pradesh.js
jk_tejaswini,Jammu & Kashmir,state,Tejaswini — J&K Women SHG Empowerment Scheme,women; shg; entrepreneurship,J&K Mission Shakti / Rural Development Dept.,"Interest-free loans up to ₹5 lakh for women SHG members; seed money of ₹15,000 per new SHG; revolving fund support; skill training in handicrafts (pashmina weaving, carpet making, willow wicker), food processing, and agro-based enterprises; market linkage via J&K Handicrafts Emporium and online platforms; NRLM-backed community investment fund of ₹2.5 lakh per village organisation",500000,https://jkrlm.nic.in,Online via Portal,A — direct enterprise/finance,Yojana-Sahay-main/src/states/jammu_kashmir.js
jharkhand_rojgar_srijan,Jharkhand,state,Mukhyamantri Rojgar Srijan Yojana,business; self-employment,Jharkhand Dept. of SC / ST / OBC & Minority Welfare,Up to ₹25 Lakh loan for business setup · 40% subsidy (max ₹5L) for SC/ST/OBC/Minority/Women/Divyang,2500000,https://jharkhand.gov.in,Online via Portal,A — direct enterprise/finance,Yojana-Sahay-main/src/states/jharkhand.js
jharkhand_phulo_jhano,Jharkhand,state,Phulo Jhano Ashirwad Yojana,women; livelihood,Jharkhand Women & Child Dev. Dept.,Self-employment loan + skill training for women leaving liquor trade,100000,jharkhand.gov.in,District Industry Center (DIC),A — direct enterprise/finance,Yojana-Sahay-main/src/states/jharkhand.js
jharkhand_matsyajivi,Jharkhand,state,Jharkhand Matsyajivi Kalyan Yojana,fishermen; livelihood,Jharkhand Dept. of Animal Husbandry & Fisheries,"50% subsidy on fishing nets, boats & equipment + accident insurance for registered fishermen",10000,jharkhand.gov.in,District Industry Center (DIC),B — livelihood/agri/capability,Yojana-Sahay-main/src/states/jharkhand.js
jharkhand_johar,Jharkhand,state,Jharkhand Opportunities for Harnessing Rural Growth (JOHAR),tribal; livelihood,Jharkhand Rural Dev. Dept. (JSLPS),"₹15,000 seed capital per SHG + skill training + market linkage for tribal & rural women",15000,jslps.jharkhand.gov.in,District Industry Center (DIC),B — livelihood/agri/capability,Yojana-Sahay-main/src/states/jharkhand.js
jharkhand_pashudhan,Jharkhand,state,Mukhyamantri Pashudhan Vikas Yojana,livestock; farmer,Jharkhand Dept. of Animal Husbandry,50%–75% subsidy on purchase of cattle / goat / poultry + free livestock insurance,30000,jharkhand.gov.in,District Industry Center (DIC),B — livelihood/agri/capability,Yojana-Sahay-main/src/states/jharkhand.js
karnataka_devaraj_urs_loan,Karnataka,state,Devaraj Urs Backward Classes Dev. Corp. Loan,business,Karnataka SC/ST Development Corp. (KSCDC),Loan ₹1–₹10 Lakh at 6% interest for SC/ST/OBC self-employment,1000000,https://tumkur.nic.in/en/d-devaraju-urs-backward-classes-development-corporation-ltd,Online via Portal,A — direct enterprise/finance,Yojana-Sahay-main/src/states/karnataka.js
karnataka_divyangjan_self_employment,Karnataka,state,Divyangjan Self-Employment Loan (KA),business,Karnataka Dept. of Disabled Welfare,"Loan up to ₹5 Lakh at 4% interest + ₹25,000 margin money grant for persons with 40%+ disability to start business",500000,https://www.myscheme.gov.in/schemes/dssmp,Online via Portal,A — direct enterprise/finance,Yojana-Sahay-main/src/states/karnataka.js
karnataka_handloom_weaver,Karnataka,state,Handloom Weaver Welfare & Credit Scheme,business,Karnataka Handloom & Textiles Dept.,"Subsidised yarn, free loom upgrades, health insurance ₹15,000 & ₹2 Lakh accidental death cover for weavers",200000,https://www.myscheme.gov.in/schemes/nhdpccwms,Online via Portal,A — direct enterprise/finance,Yojana-Sahay-main/src/states/karnataka.js
karnataka_msme_subsidy,Karnataka,state,Karnataka MSME Investment Promotion Scheme,business,Karnataka Dept. of MSME,"15%–25% capital investment subsidy (max ₹50 Lakh), 5-year power tariff subsidy & stamp duty exemption for new MSME units in Karnataka",5000000,https://investkarnataka.co.in/wp-content/uploads/2026/04/Karnataka.pdf,Online via Portal,A — direct enterprise/finance,Yojana-Sahay-main/src/states/karnataka.js
karnataka_rural_homestay,Karnataka,state,Karnataka Rural Homestay Scheme,business,Karnataka Tourism Dept. / KSTDC,Subsidy up to ₹5 Lakh & interest-free loan for setting up rural homestays + branding & listing support via KarnataKa Tourism portal,500000,https://karnatakatourism.org,Online via Portal,A — direct enterprise/finance,Yojana-Sahay-main/src/states/karnataka.js
karnataka_startup_policy,Karnataka,state,Karnataka Startup Policy 2022 — Seed Fund & Incentives,business,Karnataka Innovation & Technology Society (KITS) / Dept. of IT-BT,"Seed funding ₹20–₹50 Lakh, 5-year SGST reimbursement, free co-working space & mentorship for DPIIT-recognised Karnataka startups",5000000,https://www.startupindia.gov.in/srf/portal/SRF_2026_Result_page/Karnataka_State_Report.pdf,Online via Portal,A — direct enterprise/finance,Yojana-Sahay-main/src/states/karnataka.js
karnataka_pm_svanidhi,Karnataka,state,PM SVANidhi Street Vendor Loan (KA),business,Karnataka Urban Development Dept. / MoHUA,"Collateral-free working capital loan ₹10,000 → ₹20,000 → ₹50,000 in 3 cycles + digital payment incentive ₹1,200/year",1200,https://web.umang.gov.in/landing/scheme/detail/pm-street-vendors-atmanirbhar-nidhi-pm-svanidhi_pm-svanidhi.html,Online via Portal,A — direct enterprise/finance,Yojana-Sahay-main/src/states/karnataka.js
karnataka_pm_vishwakarma,Karnataka,state,PM Vishwakarma Scheme (KA),business,Ministry of MSME (implemented via Karnataka MSME Dept.),"₹15,000 toolkit grant + loan ₹1–₹2 Lakh at 5% interest + free skill training for 18 traditional crafts (blacksmith, potter, carpenter, tailor etc.)",200000,https://www.myscheme.gov.in/schemes/pmv,Online via Portal,A — direct enterprise/finance,Yojana-Sahay-main/src/states/karnataka.js
karnataka_sanjeevini_shg,Karnataka,state,Sanjeevini — NRLM Women SHG Credit Linkage (KA),women,Karnataka Rural Development & Panchayat Raj (RDPR) / NRLM,Bank linkage loan ₹1–₹5 Lakh at 7% interest (with 4% govt. subvention = effective 3%) for active women SHGs + enterprise support,500000,aajeevika.gov.in / Nearest NRLM Block Mission Management Unit,District Industry Center (DIC),A — direct enterprise/finance,Yojana-Sahay-main/src/states/karnataka.js
karnataka_stree_shakti,Karnataka,state,Stree Shakti Self-Help Group Programme,women,Karnataka Dept. of Women & Child Development,Low-interest loans up to ₹2 Lakh + training & market linkage for women SHGs,200000,https://www.govtschemes.in/karnataka-gruha-lakshmi-scheme,Online via Portal,A — direct enterprise/finance,Yojana-Sahay-main/src/states/karnataka.js
karnataka_udyogini,Karnataka,state,Udyogini — Women Entrepreneur Scheme,business,Karnataka Women Development Corp. (KWDC),Interest-free or subsidised loan ₹1–₹3 Lakh for women starting small businesses (income < ₹1.5L),300000,https://web.umang.gov.in/landing/scheme/detail/udyogini-scheme_us.html,Online via Portal,A — direct enterprise/finance,Yojana-Sahay-main/src/states/karnataka.js
karnataka_fishermen_accident,Karnataka,state,Fishermen Group Accident Insurance (KA),general,Karnataka Dept. of Fisheries,₹5 Lakh death/disability cover for marine fishermen during fishing season at just ₹10 premium,500000,fisheries.karnataka.gov.in,District Industry Center (DIC),B — livelihood/agri/capability,Yojana-Sahay-main/src/states/karnataka.js
karnataka_ksddp_dairy,Karnataka,state,KMF Dairy Development Scheme — Nandini Milk Cooperative,farmer,Karnataka Milk Federation (KMF) / Dept. of Animal Husbandry,"Subsidised cattle feed, free veterinary visits, milk procurement at guaranteed price & loan up to ₹1 Lakh for dairy farmers joining KMF cooperative",100000,kmfnandini.coop / Nearest KMF Cooperative Society,District Industry Center (DIC),B — livelihood/agri/capability,Yojana-Sahay-main/src/states/karnataka.js
karnataka_matsya_bhagya,Karnataka,state,Matsya Bhagya Scheme,farmer,Karnataka Dept. of Fisheries,"Subsidy up to ₹50,000 on fishing boats, nets & equipment for marine & inland fishermen",50000,https://fisheries.kerala.gov.in/sites/default/files/inline-files/4%20KARNATAKA.pdf,Online via Portal,B — livelihood/agri/capability,Yojana-Sahay-main/src/states/karnataka.js
karnataka_raitha_siri,Karnataka,state,Raitha Siri (Livestock Scheme),farmer,Karnataka Animal Husbandry Dept.,Subsidy up to ₹1 Lakh for purchasing milch cattle & poultry,100000,https://www.manage.gov.in/fpoacademy/SGSchemes/karnataka.pdf,Online via Portal,B — livelihood/agri/capability,Yojana-Sahay-main/src/states/karnataka.js
kerala_sc_dev_corp,Kerala,state,KSCDC Subsidized Loan for SC/ST Entrepreneurs,business,Kerala State SC / ST Development Corp (KSCDC),"Loans ₹50,000–₹5 Lakh at 4–6% interest for self-employment and business for SC/ST",500000,kscdc.net,District Industry Center (DIC),A — direct enterprise/finance,Yojana-Sahay-main/src/states/kerala.js
kerala_startup_mission,Kerala,state,KSUM Startup Seed Fund & Incubation Support,business,Kerala Startup Mission (KSUM),Seed funding up to ₹10 Lakh + free co-working space + mentoring for tech startups,1000000,https://startupmission.kerala.gov.in,Online via Portal,A — direct enterprise/finance,Yojana-Sahay-main/src/states/kerala.js
kerala_kswdc_loan,Kerala,state,KSWDC Women Entrepreneur Loan & Training,women,Kerala State Women's Dev. Corp (KSWDC),"Loans ₹50,000–₹3 Lakh at 4% interest + free entrepreneurship training for women",300000,kswdc.org,District Industry Center (DIC),A — direct enterprise/finance,Yojana-Sahay-main/src/states/kerala.js
kerala_artisan_welfare,Kerala,state,KVIB Artisan & Handloom Worker Welfare Scheme,business,Kerala Khadi & Village Industries Board (KVIB),"Insurance ₹2 Lakh + pension ₹1,000/month + tool kit grant ₹5,000 for registered artisans",12000,kvib.kerala.gov.in,District Industry Center (DIC),A — direct enterprise/finance,Yojana-Sahay-main/src/states/kerala.js
kerala_kudumbashree,Kerala,state,Kudumbashree Women Micro-Enterprise Scheme,women,"Kudumbashree Mission, Kerala","Subsidized loans ₹15,000–₹5 Lakh + livelihood training for women SHGs",500000,kudumbashree.org,District Industry Center (DIC),A — direct enterprise/finance,Yojana-Sahay-main/src/states/kerala.js
kerala_fishermen_welfare,Kerala,state,Kerala Matsyafed / Fishermen Welfare Scheme,farmer,Kerala Fisheries Dept.,Accident insurance ₹2 Lakh + saving-cum-relief of ₹600/month during lean season,7200,fisheries.kerala.gov.in,District Industry Center (DIC),B — livelihood/agri/capability,Yojana-Sahay-main/src/states/kerala.js
ladakh_umeed_shg,Ladakh,state,Umeed — Women SHG & Livelihood Scheme (Ladakh),women; shg; livelihood,Ladakh UT Rural Development Dept. / National Rural Livelihoods Mission (NRLM),"Interest-free revolving fund of ₹15,000 per SHG; credit linkage with banks for loans up to ₹6 lakh at 7% interest (with 3% subvention making it 4% effective); seed capital of ₹10,000 for new SHGs; skill training in handicrafts (Thangka painting, carpet weaving, dried apricot processing, yak-wool products); marketing linkage with national platforms; ₹500/month capacity-building stipend during training",600000,Nearest Block Development Office (BDO) or Umeed CRP / SHG facilitator in village,District Industry Center (DIC),A — direct enterprise/finance,Yojana-Sahay-main/src/states/ladakh.js
ladakh_pashmina_development,Ladakh,state,Pashmina Development Programme (Ladakh UT),farmer; pashmina; herder,Ladakh UT Animal Husbandry & Sheep Husbandry Dept.,"Financial assistance of ₹10,000–₹25,000 per herder household for Pashmina goat rearing and wool processing; subsidised veterinary support and medicines for Changra goats; free training in Pashmina combing, spinning and weaving; marketing support through GI-tagged 'Ladakhi Pashmina' branding; improved breed distribution; special incentives for Changpa nomad community of Changthang plateau",25000,"Ladakh UT Animal Husbandry Dept. / LAHDC office, Leh or Kargil",District Industry Center (DIC),B — livelihood/agri/capability,Yojana-Sahay-main/src/states/ladakh.js
mp_swarojgar,Madhya Pradesh,state,Mukhyamantri Swarojgar Yojana (MP),business; self-employment,MP MSME Dept.,"Self-employment loan ₹50,000–₹10 Lakh · 15% subsidy (general) or 30% (SC/ST/Women/Divyang)",1000000,https://msme.mponline.gov.in,Online via Portal,A — direct enterprise/finance,Yojana-Sahay-main/src/states/madhya_pradesh.js
mp_udyam_kranti,Madhya Pradesh,state,Mukhyamantri Udyam Kranti Yojana (MP),business; startup,MP MSME & Industry Dept.,Collateral-free loan ₹1 Lakh – ₹50 Lakh · 3% interest subvention for 7 years · No guarantor required,100000,https://msme.mponline.gov.in,Online via Portal,A — direct enterprise/finance,Yojana-Sahay-main/src/states/madhya_pradesh.js
mp_yuva_udyami,Madhya Pradesh,state,Mukhyamantri Yuva Udyami Yojana (MP),business; youth,MP MSME & Industry Dept.,Loan ₹10L – ₹1 Crore at 5% interest · 15–30% margin money (subsidy) for youth businesses,10000000,https://msme.mponline.gov.in,Online via Portal,A — direct enterprise/finance,Yojana-Sahay-main/src/states/madhya_pradesh.js
maha_agri_infra_fund,Maharashtra,state,Agriculture Infrastructure Fund (AIF) – Maharashtra,farmer; agri processing; cold storage,Maharashtra Agriculture Dept. / NABARD (AIF – Agriculture Infrastructure Fund),"3% interest subvention on loans up to ₹2 Crore for post-harvest infrastructure (cold storage, warehouses, processing units, primary processing centres) for farmers, FPOs & agri-entrepreneurs",20000000,https://agriinfra.dac.gov.in,Online via Portal,A — direct enterprise/finance,Yojana-Sahay-main/src/states/maharashtra.js
maha_annasaheb_patil,Maharashtra,state,Annasaheb Patil Loan Scheme,business; obc,Maharashtra MAVIM / Annasaheb Patil Corp.,Interest-free/subsidised loan up to ₹10 Lakh for OBC entrepreneurs,1000000,https://udyog.mahaswayam.gov.in/public/index.php,Online via Portal,A — direct enterprise/finance,Yojana-Sahay-main/src/states/maharashtra.js
maha_gems_jewellery_skill,Maharashtra,state,Certificate Course in Gems & Jewellery Sector (Maharashtra 2025),skill; youth; artisan,"Maharashtra Skills, Employment, Entrepreneurship & Innovation Dept.","Free 3–6 month certified skill training in gems, jewellery design & manufacturing at Maharashtra State Skills University centres",30000,https://bhandara.gov.in/department-of-skills-employment-entrepreneurship-and-innovation,Online via Portal,A — direct enterprise/finance,Yojana-Sahay-main/src/states/maharashtra.js
maha_fpo_support,Maharashtra,state,Formation & Promotion of Farmer Producer Organisations (FPOs) – Maharashtra,farmer; fpo; collective farming,"Maharashtra Agriculture Dept. / NABARD / SFAC (10,000 FPO Scheme)",₹18L per FPO over 3 years (₹15L handholding + ₹3L matching equity grant) to register & run farmer collectives; plus ₹10–50L credit guarantee cover and market linkage support for 500–1000 member FPOs,60000,https://sfacindia.com,Online via Portal,A — direct enterprise/finance,Yojana-Sahay-main/src/states/maharashtra.js
maha_divyang_rojgar,Maharashtra,state,Maharashtra Divyang Rojgar Guarantee Scheme (3% Reservation & Self-Employment Loan),disability; employment; self employment,Maharashtra Social Justice & Special Assistance Dept.,3% reservation in all govt jobs for persons with disabilities + self-employment loan up to ₹5L at 4% interest + free skill training through NHFDC for 40%+ disability certificate holders,5,https://sjsa.maharashtra.gov.in,Online via Portal,A — direct enterprise/finance,Yojana-Sahay-main/src/states/maharashtra.js
maha_minority_self_employment,Maharashtra,state,Maharashtra State Minorities Finance & Development Corporation Loan Scheme,business; minority; self employment,Maharashtra Minority Development Dept. / MSDFC,"Soft loan ₹50,000–₹5 Lakh at 4–6% interest for self-employment / small business for minorities (Muslim, Christian, Buddhist, Sikh, Jain, Parsi); income ≤₹3L/year",500000,msdfc.maharashtra.gov.in / District Minority Welfare Office,District Industry Center (DIC),A — direct enterprise/finance,Yojana-Sahay-main/src/states/maharashtra.js
maha_mahila_arthik,Maharashtra,state,Mahila Arthik Vikas Mahamandal (MAVIM) Loan,women; business; shg,Maharashtra Women & Child Development Dept.,Low-interest loan ₹1–₹5 Lakh through SHG for women entrepreneurs,500000,mavim.org.in,District Industry Center (DIC),A — direct enterprise/finance,Yojana-Sahay-main/src/states/maharashtra.js
maha_mukhyamantri_udyojak,Maharashtra,state,Mukhyamantri Rojgar Nirman Karyakram (CMEGP) – Micro Enterprise,business; entrepreneur; micro enterprise,"Maharashtra Industries, Energy & Labour Dept.","15–35% subsidy on project cost (₹5L–₹50L) to set up micro enterprises in manufacturing or service sector; urban 15%, rural 25%, SC/ST/women/disabled 35%",5,https://www.myscheme.gov.in/schemes/cmegp,Online via Portal,A — direct enterprise/finance,Yojana-Sahay-main/src/states/maharashtra.js
maha_pm_svanidhi,Maharashtra,state,PM SVANidhi – Street Vendor Micro-Credit Scheme (2025 Revamp),street vendor; urban; micro credit,Ministry of Housing & Urban Affairs (implemented by Maharashtra ULBs),"Collateral-free loans: ₹15,000 (1st), ₹25,000 (2nd), ₹50,000 (3rd tranche) + 7% interest subsidy + UPI-linked RuPay credit card (₹30,000 limit) + ₹1,200/yr cashback on digital payments",1200,https://nmcnagpur.gov.in/assets/300/2025/09/Public-Notices/Scheme_Guidelines_-_6925_(1)_250916_155553.pdf,Online via Portal,A — direct enterprise/finance,Yojana-Sahay-main/src/states/maharashtra.js
maha_ahilyadevi_mahila_startup,Maharashtra,state,Punyashlok Ahilya Devi Holkar Mahila Startup Yojana,women; startup; business,Maharashtra Women & Child Development Dept.,Seed funding ₹25 Lakh + incubation & mentorship support for women-led startups in Maharashtra,2500000,https://jalgaon.gov.in/en/scheme/punyashlok-ahilya-devi-holkar-mahila-startup-yojana,Online via Portal,A — direct enterprise/finance,Yojana-Sahay-main/src/states/maharashtra.js
maha_sant_rohidas,Maharashtra,state,Sant Rohidas Charmakar Artisan Scheme,artisan; sc,Maharashtra SC/OBC Finance Corp.,Subsidised loan up to ₹5 Lakh for leather artisans (SC community),500000,mahasamajkalyan.gov.in,District Industry Center (DIC),A — direct enterprise/finance,Yojana-Sahay-main/src/states/maharashtra.js
maha_sheli_mendhi_palan,Maharashtra,state,Goat & Sheep Rearing Scheme (Sheli-Mendhi Gat Vatap),farmer; goat; sheep; animal husbandry,Maharashtra Animal Husbandry & Dairy Development Dept.,"50% subsidy (75% SC/ST) on a unit of 10 goats/sheep + 1 buck/ram (Osmanabadi/Sangamaneri breed); unit value ₹78,000–₹1.29L for supplementary farm income",78000,ahdmaharashtra.gov.in / Zilla Parishad Animal Husbandry Office,District Industry Center (DIC),B — livelihood/agri/capability,Yojana-Sahay-main/src/states/maharashtra.js
maha_handloom_weaver_welfare,Maharashtra,state,Handloom Weavers Comprehensive Welfare Scheme (Maharashtra),artisan; handloom; weaver,Maharashtra Textile & Handloom Dept.,"Life & accident insurance (PMJJBY + PMSBY) + ₹15,000 health package + 90% subsidy on new loom/accessories (Hathkargha Samvardhan Sahayata) for registered handloom weavers",15000,handloom.maharashtra.gov.in / nearest District Handloom Office,District Industry Center (DIC),B — livelihood/agri/capability,Yojana-Sahay-main/src/states/maharashtra.js
maha_matsya_vikas,Maharashtra,state,Maharashtra Fisheries Development Scheme (PMMSY State Component),fishermen; aquaculture,Maharashtra Fisheries Dept. (under PMMSY),"40–60% subsidy on fishing boats, nets, aquaculture ponds, ice plants & fish kiosks; SC/ST/women fishers get up to 60% subsidy",75000,https://fisheries.maharashtra.gov.in,Online via Portal,B — livelihood/agri/capability,Yojana-Sahay-main/src/states/maharashtra.js
maha_matsyavyavasay_vima,Maharashtra,state,Maharashtra Fishermen Group Accidental Insurance Scheme,fishermen; insurance,Maharashtra Fisheries Dept.,₹5 Lakh accidental death + ₹2.5 Lakh partial disability insurance for registered marine/inland fishermen; state pays the premium,500000,fisheries.maharashtra.gov.in,District Industry Center (DIC),B — livelihood/agri/capability,Yojana-Sahay-main/src/states/maharashtra.js
maha_kukut_palan_karj,Maharashtra,state,Maharashtra Kukut Palan Karj Yojana (Poultry Farming Loan),farmer; poultry; animal husbandry,Maharashtra Animal Husbandry & Dairy Development Dept.,Subsidised loan ₹1–₹10 Lakh at 4% interest to start or expand poultry farm; SC/ST/women/BPL get higher subsidy; NABARD-linked,1000000,https://dahd.maharashtra.gov.in/en/scheme/national-livestock-mission,Online via Portal,B — livelihood/agri/capability,Yojana-Sahay-main/src/states/maharashtra.js
maha_resham_udyog,Maharashtra,state,Maharashtra Sericulture Development Scheme (Mulberry Silk Farming),farmer; sericulture; silk,Maharashtra Sericulture Dept. / Central Silk Board,"50–75% subsidy on mulberry plantation, rearing equipment & silk reeling units; free training + ₹10,000 startup support for new sericulture farmers in Marathwada & Vidarbha",25000,silkmMaharashtra.gov.in / District Sericulture Officer,District Industry Center (DIC),B — livelihood/agri/capability,Yojana-Sahay-main/src/states/maharashtra.js
maha_milch_animal_distribution,Maharashtra,state,Milch Animal Distribution Scheme (2 Cows / Buffaloes),farmer; dairy; animal husbandry,Maharashtra Animal Husbandry & Dairy Development Dept.,50% subsidy (75% for SC/ST) on 2 crossbred milch cows or 2 buffaloes (unit value ₹1.57L–₹1.79L) to boost rural milk income for small farmers & SHG women,20000000,ahdmaharashtra.gov.in / Zilla Parishad Animal Husbandry Office,District Industry Center (DIC),B — livelihood/agri/capability,Yojana-Sahay-main/src/states/maharashtra.js
manipur_ima_keithel_support,Manipur,state,Ima Keithel Vendor Support Scheme (Manipur),women; entrepreneurship; market,Manipur Commerce & Industries Dept.,"Financial and infrastructure support for women vendors of the historic all-women Ima Keithel (Mothers' Market) in Imphal — one of Asia's largest all-women markets; includes stall renovation grants up to ₹25,000, working capital loans up to ₹50,000 at 4% interest through state cooperative banks, and free skill-upgrade workshops on digital payments, inventory, and market linkage; priority to BPL/EWS women vendors",25000,Manipur Commerce & Industries Dept. / Ima Keithel Management Committee (offline),District Industry Center (DIC),A — direct enterprise/finance,Yojana-Sahay-main/src/states/manipur.js
manipur_sangai_mahila_shg,Manipur,state,Manipur State Rural Livelihoods Mission — SHG Support (Manipur),women; shg; rural livelihood,Manipur State Rural Livelihoods Mission (MSRLM) / Rural Development Dept.,"Revolving fund of ₹15,000 per SHG + Community Investment Fund of up to ₹2.5 lakh for women's Self-Help Groups; interest-free or subsidised loans up to ₹5 lakh per SHG for income-generating activities — handloom, food processing, bamboo products, tailoring; skill training through DDU-GKY; market linkage via state craft fairs and e-commerce platforms",250000,msrlm.manipur.gov.in / Block MSRLM office (offline),District Industry Center (DIC),A — direct enterprise/finance,Yojana-Sahay-main/src/states/manipur.js
manipur_startup_manipur,Manipur,state,Start-Up Manipur Scheme,youth; start-up; entrepreneur,Manipur Industries & Commerce Dept. / MANPRAC,"Seed funding of ₹2 lakh–₹10 lakh as equity grant for first-generation entrepreneurs (18–40 years) in technology, food processing, handicrafts, and services sectors; 30% capital subsidy on project cost (max ₹3 lakh); free incubation space, mentoring, and legal / IPR support through MANPRAC and empanelled incubators; women and ST/SC entrepreneurs get additional 5% subsidy; must be resident of Manipur",200000,https://www.myscheme.gov.in/schemes/strtupmpr,Online via Portal,A — direct enterprise/finance,Yojana-Sahay-main/src/states/manipur.js
manipur_hill_tribal_welfare,Manipur,state,Hill Areas Tribal Welfare & Development Schemes (Manipur),tribal; st; hill areas; welfare,Manipur Hill Areas Dept. / Tribal Affairs & Hills Dept.,"Package of welfare benefits for ST communities in Manipur hill districts — free textbooks and uniforms for tribal students (Class 1–12), hostel scholarships of ₹2,500–₹3,500/month for residential school students, livelihood grants of ₹10,000–₹20,000 for traditional craft-based self-employment (weaving, bamboo, pottery), and health camps in remote villages; administered through Hill Area Committees (HAC)",20000,hillareas.manipur.gov.in / nearest Sub-Divisional Office in hill district,District Industry Center (DIC),B — livelihood/agri/capability,Yojana-Sahay-main/src/states/manipur.js
meghalaya_msy_entrepreneur,Meghalaya,state,Meghalaya Start-Up & Youth Entrepreneurship Scheme (Meghalaya),youth; start-up; entrepreneur,Meghalaya Basin Development Authority (MBDA) / Industries & Commerce Dept.,"Seed grant of ₹2 lakh–₹10 lakh for first-generation entrepreneurs aged 18–40 years in sectors including agri-processing, eco-tourism, IT, handloom, and handicrafts; 30% capital subsidy (max ₹3 lakh) on project cost; ST/SC/women entrepreneurs receive additional 5% subsidy; free incubation at MBDA-supported centres in Shillong; mentoring, IPR support, and market linkage through Meghalaya Artfed; applicant must be a resident of Meghalaya",200000,https://mbda.gov.in,Online via Portal,A — direct enterprise/finance,Yojana-Sahay-main/src/states/meghalaya.js
meghalaya_srlm_shg,Meghalaya,state,Meghalaya State Rural Livelihoods Society — SHG Support (Meghalaya),women; shg; rural livelihood,Meghalaya State Rural Livelihoods Society (MSRLS) / Rural Development Dept.,"Revolving fund of ₹15,000 per SHG + Community Investment Fund up to ₹3 lakh for women's Self-Help Groups active for 6+ months; subsidised loans up to ₹5 lakh at 7% interest for income-generating activities — weaving, food processing, bamboo & cane crafts, and agro-based enterprises; market linkage through Meghalaya Basin Development Authority (MBDA) fairs and e-commerce; capacity-building and digital literacy training",300000,msrls.meghalaya.gov.in / Block MSRLS office (offline),District Industry Center (DIC),A — direct enterprise/finance,Yojana-Sahay-main/src/states/meghalaya.js
meghalaya_khadc_jhadc_welfare,Meghalaya,state,Autonomous District Council Tribal Welfare Schemes (Meghalaya),tribal; st; adc; welfare,Khasi Hills Autonomous District Council (KHADC) / Jaintia Hills ADC (JHADC) / Garo Hills ADC (GHADC),"Package of welfare benefits administered by Meghalaya's three Autonomous District Councils (KHADC, JHADC, GHADC) — free textbooks and uniforms for ST students (Class 1–12); hostel stipend of ₹2,000–₹3,000/month for residential students; livelihood grants of ₹10,000–₹15,000 for traditional craftspeople (weaving, cane & bamboo, pottery, sericulture); legal aid for customary land rights; health camps in remote habitations",36000,khadc.nic.in / jhadc.nic.in / ghadc.nic.in — respective ADC office,District Industry Center (DIC),B — livelihood/agri/capability,Yojana-Sahay-main/src/states/meghalaya.js
mizoram_msrlm_shg,Mizoram,state,Mizoram State Rural Livelihood Mission — SHG Loan & Livelihood (Mizoram),women; shg; livelihood,Mizoram State Rural Livelihood Mission (MSRLM) / Rural Development Dept.,"Interest-free revolving fund of ₹15,000 for newly formed women SHGs; low-interest community investment fund (CIF) loans up to ₹2.5 lakh per SHG for income-generating activities; skill development and vocational training in handloom, food processing, tailoring, and bamboo craft; market linkage support through state MSRLM network; covers rural women in all 8 districts of Mizoram",250000,msrlm.mizoram.gov.in / Block Development Office (offline),District Industry Center (DIC),A — direct enterprise/finance,Yojana-Sahay-main/src/states/mizoram.js
mizoram_sedp,Mizoram,state,Socio-Economic Development Programme (SEDP) — Mizoram,youth; self-employment; entrepreneur,Mizoram Industries Dept. / Mizoram Industrial Development Corporation (MIDC),"Collateral-free loan of ₹50,000–₹10 lakh for educated unemployed youth (18–45 years) and first-generation entrepreneurs to start micro and small enterprises; 20–30% capital subsidy on project cost (higher for women / ST applicants); free entrepreneurship development training through MIDC and government ITIs; covers manufacturing, services, trade, and agro-processing sectors; targeted at youth in rural and semi-urban areas",1000000,industries.mizoram.gov.in / District Industries Centre (DIC) office,District Industry Center (DIC),A — direct enterprise/finance,Yojana-Sahay-main/src/states/mizoram.js
mizoram_tribal_welfare,Mizoram,state,Mizoram Tribal Development & District Council Welfare Schemes,tribal; st; district council,Mizoram Tribal Welfare Dept. / District Council (LADC / CADC / MDC),"Cluster of ST-targeted welfare benefits administered by the Mizoram Tribal Welfare Dept. and three Autonomous District Councils (Lai Autonomous District Council, Chakma Autonomous District Council, Mara Autonomous District Council) — includes free textbooks, uniforms, and hostel stipends for tribal students (Class 1–12); ₹5,000 one-time grant for tribal women starting micro-enterprises; livelihood support for bamboo crafts, handloom weavers, and traditional fishermen; vocational training grants up to ₹10,000 for youth in remote tribal areas",10000,mizoram.gov.in/tribal / nearest District Council Office (offline),District Industry Center (DIC),B — livelihood/agri/capability,Yojana-Sahay-main/src/states/mizoram.js
mizoram_nlup,Mizoram,state,New Land Use Policy (NLUP) — Mizoram,farmer; livelihood; nlup,Mizoram New Land Use Policy (NLUP) Board / Agriculture Dept.,"₹1 lakh per household financial assistance (released in 3 installments) to shift from traditional jhum (slash-and-burn) cultivation to alternative settled livelihoods — covers horticulture, plantation crops, aquaculture, sericulture, animal husbandry, and micro-enterprises; also includes free training, technical support, and supply of quality planting material; primary beneficiaries are rural farming families in jhum-practising villages across all 8 districts",100000,mizoram.gov.in/nlup / District NLUP Implementation Unit (offline),District Industry Center (DIC),B — livelihood/agri/capability,Yojana-Sahay-main/src/states/mizoram.js
nagaland_cmse,Nagaland,state,Chief Minister's Self-Employment Scheme (CMSE) — Nagaland,youth; self-employment; entrepreneur,Nagaland Industries & Commerce Dept. / NBCC (Nagaland Business Creation Centre),"Collateral-free loans of ₹50,000–₹10 lakh for educated unemployed youth (18–45 years) and first-generation entrepreneurs to start micro and small enterprises; 25–35% capital subsidy on project cost (higher for women / ST applicants); free entrepreneurship development training through DIC and government polytechnics; priority sectors include agro-processing, food & beverage, tourism, handloom, IT services, and bamboo products aligned with Nagaland's economic strengths; special window for ex-servicemen and differently-abled applicants",1000000,industries.nagaland.gov.in / District Industries Centre (DIC) (offline),District Industry Center (DIC),A — direct enterprise/finance,Yojana-Sahay-main/src/states/nagaland.js
nagaland_nrlm_shg,Nagaland,state,Nagaland State Rural Livelihoods Mission — SHG Loan & Support (Nagaland),women; shg; livelihood,Nagaland State Rural Livelihoods Mission (NSRLM) / Rural Development Dept.,"Interest-free revolving fund of ₹15,000 for newly formed women Self-Help Groups (SHGs); community investment fund (CIF) loans up to ₹2 lakh per SHG at subsidised rates for income-generating activities; skill development training in Naga handloom weaving, food processing, tailoring, and bamboo-cane craft; market linkage support under the 'Naga Handloom & Handicrafts' brand; group insurance coverage; covers rural women across all 16 districts; priority to women from remote Eastern Nagaland villages",200000,nsrlm.nagaland.gov.in / Block Development Office (offline),District Industry Center (DIC),A — direct enterprise/finance,Yojana-Sahay-main/src/states/nagaland.js
nagaland_vdb_tribal,Nagaland,state,Village Development Board (VDB) Tribal Welfare & Development Schemes (Nagaland),tribal; st; vdb; village welfare,Nagaland Rural Development Dept. / Village Development Boards (VDB),"Cluster of welfare and development benefits administered through Nagaland's unique VDB (Village Development Board) system — includes: free textbooks, school bags, and uniforms for tribal students (Class 1–10); village-level infrastructure grants (₹2–5 lakh per village annually for roads, water, community halls); ₹5,000 one-time livelihood start-up grant for tribal youth starting micro-enterprises; handloom weaver identity card + ₹3,000 annual tool kit grant for registered Naga weavers; hostel stipend for ST students studying outside their home district; priority to ENPO (Eastern Nagaland Peoples' Organisation) area villages",5000,nagaland.gov.in/rural / Village Council or VDB Secretary (offline),District Industry Center (DIC),B — livelihood/agri/capability,Yojana-Sahay-main/src/states/nagaland.js
daynulm,National,central,DAY-NULM (Urban Livelihoods Mission),business; urban,Ministry of Housing & Urban Affairs,"₹10,000–₹2 Lakh loan at 5–7% interest + free skill training for urban poor",200000,https://nulm.gov.in,Online via Portal,A — direct enterprise/finance,Yojana-Sahay-main/src/schemesData.js
kisancredit,National,central,Kisan Credit Card (KCC),farmer,Ministry of Agriculture,Crop loan at 4% interest (subsidised),100000,Nearest bank branch,District Industry Center (DIC),A — direct enterprise/finance,Yojana-Sahay-main/src/schemesData.js
pmegp,National,central,PM Employment Generation Programme (PMEGP),business,Ministry of MSME,15–35% subsidy on loan up to ₹50 Lakh to start business,5000000,https://www.airtel.in/blog/personal-loan/pmegp-loan-scheme-your-complete-guide,Online via Portal,A — direct enterprise/finance,Yojana-Sahay-main/src/schemesData.js
pmfme,National,central,PM Formalisation of Micro Food Processing Enterprises (PM-FME),business,Ministry of Food Processing Industries,35% credit-linked capital subsidy (max ₹10 Lakh) for micro food processing units · Free FSSAI registration & branding support + skill training,1000000,https://www.myscheme.gov.in/schemes/pmfmpe,Online via Portal,A — direct enterprise/finance,Yojana-Sahay-main/src/schemesData.js
pmlvmy,National,central,PM Laghu Vyapari Maan-dhan Yojana (PMLVMY),business,Ministry of Labour & Employment,"₹3,000/month pension after age 60 for shopkeepers, retail traders & self-employed persons · Govt. matches contribution",36000,https://www.govtschemes.in/pradhan-mantri-laghu-vyapari-mandhan-yojanapmlvmy,Online via Portal,A — direct enterprise/finance,Yojana-Sahay-main/src/schemesData.js
mudra,National,central,PM Mudra Yojana,business,Ministry of Finance,"Loan ₹50,000 – ₹10 Lakh · No collateral",1000000,https://www.myscheme.gov.in/schemes/pmmy,Online via Portal,A — direct enterprise/finance,Yojana-Sahay-main/src/schemesData.js
pm_smile,National,central,PM SMILE – Support for Marginalised Individuals for Livelihood & Enterprise,general,Ministry of Social Justice & Empowerment,"Comprehensive welfare for transgender persons: ABHA / Aadhaar support, free education, PMKVY skill training, PM SVANidhi loan, Ayushman Bharat ₹5L health cover, shelter & livelihood rehabilitation",5,https://grants-msje.gov.in/display-smile-guidelines,Online via Portal,A — direct enterprise/finance,Yojana-Sahay-main/src/schemesData.js
pmsvanidhi,National,central,PM SVANidhi (Street Vendor Loan),street vendor,Ministry of Housing & Urban Affairs,"Loan ₹10,000–₹50,000 · 7% interest subsidy · No collateral",10000,https://web.umang.gov.in/landing/scheme/detail/pm-street-vendors-atmanirbhar-nidhi-pm-svanidhi_pm-svanidhi.html,Online via Portal,A — direct enterprise/finance,Yojana-Sahay-main/src/schemesData.js
pmvishwakarma,National,central,PM Vishwakarma Yojana,artisan; craftsman,Ministry of MSME,"₹15,000 toolkit grant + loan up to ₹3L at 5% · Free skill training",15000,https://www.myscheme.gov.in/schemes/pmv,Online via Portal,A — direct enterprise/finance,Yojana-Sahay-main/src/schemesData.js
standup_india,National,central,Stand-Up India Scheme,business; women,Ministry of Finance (SIDBI),Bank loan ₹10 Lakh–₹1 Crore for SC/ST & Women entrepreneurs,10000000,https://www.myscheme.gov.in/schemes/sui,Online via Portal,A — direct enterprise/finance,Yojana-Sahay-main/src/schemesData.js
startup_india,National,central,Startup India – Seed Fund & Recognition,business; startup,Ministry of Commerce & Industry (DPIIT),Up to ₹50 Lakh seed funding · 3-year income-tax exemption · DPIIT recognition certificate,5000000,https://www.startupindia.gov.in/content/sih/en/home-page.html,Online via Portal,A — direct enterprise/finance,Yojana-Sahay-main/src/schemesData.js
usttad,National,central,USTTAD – Upgrading Skills & Training in Traditional Arts/Crafts (Minority Artisans),skill; youth,Ministry of Minority Affairs,"Free 3–6 month skill upgrade training in traditional crafts for minority artisans · ₹1,000–₹1,500/month stipend + free tool kit + certification + market linkage support",18000,usttad.amitsha.gov.in / State Minorities Commission / Nearest empanelled NGO or Training Centre,District Industry Center (DIC),A — direct enterprise/finance,Yojana-Sahay-main/src/schemesData.js
aif,National,central,Agriculture Infrastructure Fund (AIF),farmer; organic,Ministry of Agriculture & Farmers Welfare,"3% interest subvention for 7 years on loans up to ₹2 Crore for post-harvest infra: cold storage, warehouse, sorting/grading, primary processing, assaying labs",20000000,https://agriinfra.dac.gov.in,Online via Portal,B — livelihood/agri/capability,Yojana-Sahay-main/src/schemesData.js
daynrlm,National,central,DAY-NRLM (Self Help Group – Women),women; shg,Ministry of Rural Development,"₹10,000–₹15 Lakh loan for SHG + interest subsidy + training",1500000,https://www.myscheme.gov.in/schemes/day-nrlm,Online via Portal,B — livelihood/agri/capability,Yojana-Sahay-main/src/schemesData.js
ddu_gky,National,central,DDU-Grameen Kaushalya Yojana (DDU-GKY),skill; youth,Ministry of Rural Development,"Free placement-linked skill training + ₹1,000–₹1,500/month stipend during training",18000,https://haryanadp.gov.in/wp-content/uploads/2025/06/2023021741-second.pdf,Online via Portal,B — livelihood/agri/capability,Yojana-Sahay-main/src/schemesData.js
nai_manzil,National,central,Nai Manzil Scheme (Education & Livelihood for Minority Dropouts),skill; youth,Ministry of Minority Affairs,"Bridge education (Class 10 / 12 equivalent via NIOS) + skill training (9–12 months) · ₹2,500–₹3,000/month stipend + placement support",36000,naimanzil.gov.in / Nearest empanelled NGO or Training Centre,District Industry Center (DIC),B — livelihood/agri/capability,Yojana-Sahay-main/src/schemesData.js
naps,National,central,National Apprenticeship Promotion Scheme (NAPS),skill; youth,Ministry of Skill Development & Entrepreneurship,"Govt. pays 25% of stipend (up to ₹1,500/month) · 1–3 year on-the-job trade training with a certificate",18000,https://www.myscheme.gov.in/schemes/naps,Online via Portal,B — livelihood/agri/capability,Yojana-Sahay-main/src/schemesData.js
nat_bamboo,National,central,National Bamboo Mission (NBM),farmer; organic,Ministry of Agriculture & Farmers Welfare,"50% subsidy on bamboo plantation, nurseries & value-addition units · Free planting material + skill training for farmers",100000,nbm.nic.in / State Nodal Agency / Local Krishi Vigyan Kendra (KVK),District Industry Center (DIC),B — livelihood/agri/capability,Yojana-Sahay-main/src/schemesData.js
nlm,National,central,National Livestock Mission (NLM),farmer; animal husbandry,"Ministry of Fisheries, Animal Husbandry & Dairying","50% subsidy (max ₹50 Lakh; 60% for SC/ST/Women) on poultry, goat, sheep, cattle & fodder enterprises",5000000,https://www.dahd.gov.in/en/schemes/programmes/national_livestock_mission,Online via Portal,B — livelihood/agri/capability,Yojana-Sahay-main/src/schemesData.js
pm_daksh,National,central,PM DAKSH Yojana (Skill Training for SC/OBC/EBC),skill; youth,Ministry of Social Justice & Empowerment,"Free skill training (short-term & long-term) for SC/OBC/EBC · ₹1,000–₹1,500/month stipend + placement support",18000,https://nbcfdc.gov.in/nbcfdc/web/skills-schemes-flyer,Online via Portal,B — livelihood/agri/capability,Yojana-Sahay-main/src/schemesData.js
pmkvy,National,central,PM Kaushal Vikas Yojana (PMKVY),skill; youth,Ministry of Skill Development,"Free skill training + ₹8,000 reward + placement help",8000,https://skillindiadigital.gov.in,Online via Portal,B — livelihood/agri/capability,Yojana-Sahay-main/src/schemesData.js
pmkisan,National,central,PM Kisan Samman Nidhi,farmer,Ministry of Agriculture,"₹6,000/year · 3 installments of ₹2,000",6000,https://pmkisan.gov.in,Online via Portal,B — livelihood/agri/capability,Yojana-Sahay-main/src/schemesData.js
pmksy,National,central,PM Krishi Sinchai Yojana – Per Drop More Crop,farmer,Ministry of Agriculture & Farmers Welfare,55% subsidy (80% for SC/ST) on drip & sprinkler irrigation systems,100000,https://pmksy.gov.in,Online via Portal,B — livelihood/agri/capability,Yojana-Sahay-main/src/schemesData.js
pmmsy,National,central,PM Matsya Sampada Yojana (PMMSY),fisherman; farmer,"Ministry of Fisheries, Animal Husbandry & Dairying","40–60% subsidy on boats, nets & fish farm units (80% for SC/ST/Women)",100000,https://pmmsy.dof.gov.in,Online via Portal,B — livelihood/agri/capability,Yojana-Sahay-main/src/schemesData.js
seekho_kamao,National,central,Seekho aur Kamao (Learn & Earn),skill; youth,Ministry of Minority Affairs,Free market-driven skill training (3–12 months) for minority youth + placement assistance · Stipend during training,18000,https://my.msme.gov.in/MyMsmeMob/MsmeScheme/Pages/8_2.html,Online via Portal,B — livelihood/agri/capability,Yojana-Sahay-main/src/schemesData.js
odisha_mission_shakti,Odisha,state,Mission Shakti — SHG Loan Scheme (Odisha),women; shg; entrepreneurship,Odisha Mission Shakti Dept.,"Interest-free loans up to ₹10 lakh for women SHG members to start or expand small businesses; seed money of ₹15,000 for new SHGs; revolving funds and capacity-building support; uniforms & blazers provided; Mission Shakti Bazaar platform for selling products",1000000,https://missionshakti.odisha.gov.in/en/programme/mission-shakti-loan-state-interest-subvention,Online via Portal,A — direct enterprise/finance,Yojana-Sahay-main/src/states/odisha.js
puducherry_women_shg_loan,Puducherry,state,Women SHG Loan & Livelihood Support (Puducherry),women; shg; entrepreneurship,Puducherry Dept. of Industries & Commerce / AAJEEVIKA,"Interest-free / subsidised loans up to ₹5 lakh for women Self Help Group (SHG) members to start or expand micro-enterprises; seed capital of ₹10,000 for new SHGs; revolving fund support; skill training in tailoring, food processing, handicrafts, and agarbatti making; marketing support via government exhibitions and Pondicherry Agro Service & Industries Corporation (PASIC)",500000,"Dept. of Industries & Commerce, Puducherry / nearest DRDA office",District Industry Center (DIC),A — direct enterprise/finance,Yojana-Sahay-main/src/states/puducherry.js
puducherry_farmer_input_subsidy,Puducherry,state,Agricultural Input Subsidy & Kisan Support (Puducherry),farmer; agriculture; subsidy,Puducherry Dept. of Agriculture,"Subsidised seeds (up to 50% cost subsidy), fertilisers, and pesticides supplied through the Agriculture Dept.; free soil testing at government labs; 50% subsidy on farm machinery and equipment purchase; ₹4,000/acre compensation for crop loss due to natural calamity; free irrigation support through minor irrigation channels; interest-free crop loans up to ₹1 lakh via cooperative banks; training in organic and integrated farming",100000,"Dept. of Agriculture, Puducherry / nearest Krishi Vigyan Kendra",District Industry Center (DIC),B — livelihood/agri/capability,Yojana-Sahay-main/src/states/puducherry.js
puducherry_skill_training,Puducherry,state,Skill Development & Employment Scheme (Puducherry),skill; employment; youth,Puducherry Dept. of Labour & Employment / AAJEEVIKA,"Free skill training programs of 3–6 months in Puducherry ITIs and empanelled private training centres under Pradhan Mantri Kaushal Vikas Yojana (PMKVY) and UT-funded schemes — trades include electronics, welding, tailoring, computer hardware, hospitality, beauty & wellness, and marine fisheries; monthly stipend of ₹1,000–₹2,500 during training; placement assistance; NSDC / NCVT-recognised certificates",1000,"Dept. of Labour & Employment, Puducherry / nearest ITI, Puducherry",District Industry Center (DIC),B — livelihood/agri/capability,Yojana-Sahay-main/src/states/puducherry.js
punjab_artisan_card,Punjab,state,Punjab Artisan & Handicraft Worker Scheme,business; artisan,Punjab Dept. of Industries & Commerce,"Free tool kit + ₹2 Lakh credit at 4% interest + free design training for traditional artisans (phulkari, wood, pottery)",200000,punjabindustries.gov.in,District Industry Center (DIC),A — direct enterprise/finance,Yojana-Sahay-main/src/states/punjab.js
punjab_cold_storage,Punjab,state,Punjab Cold Storage & Food Processing Subsidy,farmer; food processing,Punjab Horticulture & Food Processing Dept.,35% capital subsidy on cold storage / pack house / food processing unit setup (max ₹1.5 Crore); soft loan at 6% for farmers & FPOs,15000000,hortpb.gov.in / Punjab Agro Industries Corp.,District Industry Center (DIC),A — direct enterprise/finance,Yojana-Sahay-main/src/states/punjab.js
punjab_evehicle_subsidy,Punjab,state,Punjab E-Vehicle / E-Rickshaw Subsidy Scheme,business; e-vehicle,Punjab Transport Dept.,"₹30,000 subsidy on purchase of electric rickshaw / e-loader for BPL / SC / women applicants; low-interest loan at 5% for balance",30000,transport.punjab.gov.in,District Industry Center (DIC),A — direct enterprise/finance,Yojana-Sahay-main/src/states/punjab.js
punjab_himmat_scheme,Punjab,state,Punjab Himmat Scheme (Disability Skill & Self-Employment),business; disability skill,Punjab Dept. of Social Security,"Free skill training (3–6 months) + ₹1,500/month stipend + ₹50,000 seed capital for self-employment for persons with disabilities",18000,https://swd.punjab.gov.pk/himmatcard,Online via Portal,A — direct enterprise/finance,Yojana-Sahay-main/src/states/punjab.js
punjab_street_vendor_loan,Punjab,state,Punjab PM SVANidhi Scheme (Street Vendor Loan),business; street vendor,Punjab Dept. of Local Govt.,"Collateral-free working capital loan ₹10,000 → ₹20,000 → ₹50,000 in 3 cycles for street vendors",10000,https://web.umang.gov.in/landing/scheme/detail/pm-street-vendors-atmanirbhar-nidhi-pm-svanidhi_pm-svanidhi.html,Online via Portal,A — direct enterprise/finance,Yojana-Sahay-main/src/states/punjab.js
punjab_ghar_ghar_rozgar_loan,Punjab,state,Punjab SC/BC Self Employment Loan Scheme,business; sc-bc loan,Punjab Scheduled Castes Land Development & Finance Corp.,"Subsidised loan ₹5,000 – ₹5 Lakh at 4% interest for SC/BC entrepreneurs",500000,scsbc.punjab.gov.in,District Industry Center (DIC),A — direct enterprise/finance,Yojana-Sahay-main/src/states/punjab.js
punjab_women_microfinance,Punjab,state,Punjab Women Micro-Finance Loan Scheme,women; micro finance,Punjab Women Development Corporation,"Collateral-free loan ₹25,000–₹2 Lakh at 4% interest for women entrepreneurs; repayment up to 5 years",200000,pwdc.co.in,District Industry Center (DIC),A — direct enterprise/finance,Yojana-Sahay-main/src/states/punjab.js
punjab_startup_punjab,Punjab,state,Startup Punjab Scheme,business; startup,Punjab Dept. of Industries & Commerce (Invest Punjab),₹5 Lakh seed grant + free incubation space (12 months) + mentorship + 100% SGST reimbursement for 3 years for registered Punjab startups,500000,https://www.startupindia.gov.in/content/sih/en/state-startup-policies/Punjab-state-policy.html,Online via Portal,A — direct enterprise/finance,Yojana-Sahay-main/src/states/punjab.js
punjab_dairy_subsidy,Punjab,state,Punjab Dairy Development Subsidy Scheme,farmer; dairy,"Punjab Dept. of Animal Husbandry, Dairying & Fisheries","25–33% subsidy on purchase of milch cattle (up to 2 animals); ₹50,000 max subsidy + free veterinary insurance cover",50000,milkfed.punjab.gov.in,District Industry Center (DIC),B — livelihood/agri/capability,Yojana-Sahay-main/src/states/punjab.js
punjab_fishermen_welfare,Punjab,state,Punjab Fishermen Welfare & Training Scheme,farmer; fishermen,Punjab Fisheries Dept.,"₹3,000/month accident insurance + free fishing net + 50% subsidy on boat purchase for registered fishermen",36000,punjabfisheries.gov.in,District Industry Center (DIC),B — livelihood/agri/capability,Yojana-Sahay-main/src/states/punjab.js
punjab_shg_loan,Punjab,state,Punjab SHG Bank Linkage Scheme (NRLM),women; shg loan,Punjab Rural Development & Panchayati Raj Dept.,"Interest-free / low-interest revolving loan ₹1.5 Lakh–₹6 Lakh for women Self Help Groups; ₹3,000 group formation support",150000,ruraldevelopment.punjab.gov.in,District Industry Center (DIC),B — livelihood/agri/capability,Yojana-Sahay-main/src/states/punjab.js
raj_dadups,Rajasthan,state,Dr. B.R. Ambedkar Dalit Adivasi Udhyam Protsahan Yojana (DADUPS),business; sc-st,Rajasthan Industries Dept. / SJE Dept.,Interest-free loan: ₹25 lakh (manufacturing) · ₹10 lakh (services) for SC/ST entrepreneurs,2500000,https://industries.rajasthan.gov.in,Online via Portal,A — direct enterprise/finance,Yojana-Sahay-main/src/states/rajasthan.js
raj_mlupy,Rajasthan,state,Mukhyamantri Laghu Udhyog Protsahan Yojana (MLUPY),business; msme,Rajasthan Industries Dept. (Bureau of Investment Promotion),"5–8% interest subsidy on bank loans up to ₹10 crore for new manufacturing, service & trading MSMEs",100000000,https://industries.rajasthan.gov.in,Online via Portal,A — direct enterprise/finance,Yojana-Sahay-main/src/states/rajasthan.js
raj_vishesh_yogyajan,Rajasthan,state,Mukhyamantri Vishesh Yogyajan Swarojgar Yojana,disability; business,Rajasthan Social Justice & Empowerment Dept.,Interest-free self-employment loan up to ₹5 lakh for persons with ≥40% disability,500000,https://sje.rajasthan.gov.in,Online via Portal,A — direct enterprise/finance,Yojana-Sahay-main/src/states/rajasthan.js
raj_mahila_nidhi,Rajasthan,state,Rajasthan Mahila Nidhi (SHG Microfinance),women; shg; loan,Rajasthan State Rural Livelihoods Mission (RSLM),"Microloans ₹15,000–₹1,00,000 at 1–4% interest for women SHG members for livelihood activities",15000,rajmahilanidhi.org,District Industry Center (DIC),A — direct enterprise/finance,Yojana-Sahay-main/src/states/rajasthan.js
raj_vishwakarma_kamgar,Rajasthan,state,Rajasthan Vishwakarma Kamgar Kalyan Yojana,business; artisan,Rajasthan Labour Dept.,"₹5,000 toolkit grant + ₹2 Lakh accident insurance for artisans, craftsmen & unorganised workers",5000,https://industries.rajasthan.gov.in/order/detail/946/0/106608,Online via Portal,A — direct enterprise/finance,Yojana-Sahay-main/src/states/rajasthan.js
raj_dugdh_sambal,Rajasthan,state,Mukhyamantri Dugdh Utpadak Sambal Yojana,farmer; dairy,Rajasthan Animal Husbandry & Dairy Dept.,₹5/litre bonus credited directly to dairy farmer selling milk via Saras cooperative,18250,https://government.economictimes.indiatimes.com/news/economy/rajasthan-budget-2026-major-investments-in-dairy-and-animal-husbandry-to-benefit-livestock-owners/128211291,Online via Portal,B — livelihood/agri/capability,Yojana-Sahay-main/src/states/rajasthan.js
sikkim_cmad,Sikkim,state,Chief Minister's Agriculture Diversification Scheme (CMADS) — Sikkim,farmer; horticulture; subsidy,Sikkim Agriculture & Horticulture Dept. / Chief Minister's Agriculture Diversification Scheme,"Encourages small and marginal farmers to diversify beyond subsistence crops into high-value horticulture and allied sectors — key benefits include: 60% capital subsidy on installation of polyhouse/greenhouse (up to ₹70,000 per unit); 50% subsidy on drip irrigation and micro-irrigation equipment; free supply of improved planting material for large cardamom, mandarin orange, kiwi, cherry, and dragon fruit — high-value crops suited to Sikkim's agro-climatic zones; ₹10,000 interest-free crop loan top-up per season for small/marginal farmers; linkage with Sikkim's cooperative marketing network (SIMFED) for assured buy-back of produce; covers all 4 districts with special focus on North and West Sikkim hill farmers",10000,sikkimagrisnet.nic.in / District Horticulture Officer (offline),District Industry Center (DIC),A — direct enterprise/finance,Yojana-Sahay-main/src/states/sikkim.js
sikkim_cmses,Sikkim,state,Chief Minister's Self Employment Scheme (CMSES) — Sikkim,youth; self-employment; entrepreneur,Sikkim Industries Dept. / Chief Minister's Self Employment Scheme (CMSES),"Collateral-free financial assistance to educated unemployed youth and first-generation entrepreneurs in Sikkim to start micro and small enterprises — key benefits: project loan of ₹50,000–₹15 lakh with 30–40% capital subsidy on project cost (higher subsidy for women, ST/SC applicants, and differently-abled); bank loan component facilitated through Sikkim Bank/nationalised banks; free entrepreneurship development programme (EDP) training through the District Industries Centre (DIC) and Sikkim Industrial Development & Investment Corporation (SIDICO); priority sectors: organic food processing, cardamom/ginger value addition, eco-tourism and homestay, handwoven textiles, IT/BPO services, and bamboo craft — aligned with Sikkim's economic strengths; special facilitation for ex-servicemen; one-time incentive of ₹5,000 for Sikkim Subject holders starting enterprise in rural areas",1500000,industries.sikkim.gov.in / District Industries Centre (DIC) (offline),District Industry Center (DIC),A — direct enterprise/finance,Yojana-Sahay-main/src/states/sikkim.js
sikkim_glof_disaster_relief,Sikkim,state,Sikkim Disaster Relief & GLOF Rehabilitation Scheme,disaster; relief; rehabilitation; glof,Sikkim State Disaster Management Authority (SSDMA) / Revenue & Disaster Management Dept.,"Emergency and long-term rehabilitation support for Sikkim Subject holders affected by natural disasters — particularly the October 2023 South Lhonak Lake GLOF (Glacial Lake Outburst Flood) which devastated North Sikkim — key benefits: immediate relief cash of ₹5,000 per affected family within 7 days of disaster declaration; free temporary shelter (pre-fabricated housing or relief camp) for displaced families; ex-gratia of ₹4 lakh for death of a family member due to natural disaster (under SDRF norms); ₹1.10 lakh for full house collapse, ₹52,000 for partial damage, ₹3,200 for hut/kaccha house loss; agricultural land loss compensation: ₹18,000 per hectare for crop damage; full waiver of outstanding agricultural loans for disaster-affected farmers under Kisan Credit Card; free replacement of lost livestock — 1 milch cow or 5 goats per displaced farming family; priority housing under PMAY-Gramin for families who lost permanent homes; free counselling and mental health support at district hospitals; special GLOF-safe resettlement plots in Mangan and Chungthang for displaced North Sikkim communities; school re-enrollment support including free stationery and uniform for disaster-affected children",400000,ssdma.sikkim.gov.in / District Collector / Sub-Divisional Magistrate (SDM) (offline),District Industry Center (DIC),A — direct enterprise/finance,Yojana-Sahay-main/src/states/sikkim.js
sikkim_divyang_welfare,Sikkim,state,Sikkim Divyangjan (Differently-Abled) Welfare & Empowerment Scheme,disability; divyangjan; welfare; pension,"Sikkim Social Justice, Empowerment & Welfare Dept. / Divyangjan Welfare Division","Comprehensive welfare package for persons with disabilities (40%+ disability certificate) who are Sikkim Subject holders — key benefits: free assistive devices — wheelchairs, crutches, hearing aids, white canes, Braille kits — through annual disability camps held in each district; ₹2,000/month disability pension (Sikkim State supplement on top of central IGNDP pension); 4% reservation in state government jobs for persons with benchmark disabilities; monthly scholarship of ₹500–₹800 for Divyangjan students in school and college; free skill development training at ITI/Polytechnic with hostel accommodation; priority allotment under Pradhan Mantri Awas Yojana (housing) and MGNREGA (employment); free legal aid and guardianship support under RPWD Act 2016; barrier-free access facilitation at government offices (ramp, tactile path installation); special transport subsidy card for 50% fare concession on State Transport buses; National Handicapped Finance & Development Corporation (NHFDC) loan linkage at subsidised interest rate for self-employment",24000,socialwelfare.sikkim.gov.in / District Social Welfare Office (offline),District Industry Center (DIC),A — direct enterprise/finance,Yojana-Sahay-main/src/states/sikkim.js
sikkim_silm_shg,Sikkim,state,Sikkim Integrated Livelihood Mission — Women SHG Support (Sikkim),women; shg; livelihood,Sikkim Integrated Livelihood Mission (SILM) / Rural Management & Development Dept.,"Comprehensive livelihood support for women through Self-Help Groups (SHGs) — benefits include: revolving fund of ₹15,000 per newly formed SHG (interest-free); community investment fund (CIF) loans up to ₹3 lakh per SHG at 0% interest for income-generating activities; skill training in Sikkim's traditional weaving (Lepcha and Limboo textiles), food processing (organic pickles, cardamom-based products), tailoring, and eco-tourism services; market linkage through state-level fairs and online platforms under 'Sikkim Organic' brand; group life and accident insurance; connects to Pradhan Mantri MUDRA Yojana pipeline; covers rural and semi-urban women across all 4 districts; priority to women from BPL households and ST/SC communities",300000,rmd.sikkim.gov.in / Block Development Office (offline),District Industry Center (DIC),A — direct enterprise/finance,Yojana-Sahay-main/src/states/sikkim.js
sikkim_animal_husbandry,Sikkim,state,Sikkim Animal Husbandry & Dairy Development Scheme,farmer; animal husbandry; dairy; subsidy,"Sikkim Animal Husbandry, Livestock, Fisheries & Veterinary Services Dept.","Comprehensive support for farmers and rural households engaged in livestock rearing suited to Sikkim's agro-climatic conditions — key benefits: 50% subsidy on purchase of improved-breed Jersey / HF dairy cows and cross-bred pigs (major income source in rural Sikkim), up to ₹25,000 per beneficiary; 75% subsidy on construction of scientific cattle shed or piggery unit (₹30,000 ceiling); special yak and chauri (yak-cattle hybrid) conservation incentive of ₹3,000 per head annually for herders in North and West Sikkim high-altitude zones; free vaccination drives for foot-and-mouth disease (FMD), PPR (for goats), and swine fever — conducted at village level twice a year; free AI (Artificial Insemination) service at doorstep for dairy cattle; free fodder seed kits (oat, berseem) every season; ₹5,000 interest subvention on short-term livestock loans; linkage with Sikkim Milk Union (SIMUL) for milk procurement and fair pricing; free 3-day training on scientific livestock management and dairy hygiene at District Veterinary Centre",3000,ahvs.sikkim.gov.in / District Veterinary Officer (offline),District Industry Center (DIC),B — livelihood/agri/capability,Yojana-Sahay-main/src/states/sikkim.js
sikkim_fisheries_dev,Sikkim,state,Sikkim Fisheries Development Scheme — Cold Water Fish Farming,farmer; fisheries; subsidy,"Sikkim Animal Husbandry, Livestock, Fisheries & Veterinary Services Dept.","Support for cold-water fish farming suited to Sikkim's high-altitude rivers, streams, and ponds — key benefits: 60% subsidy on construction of raceway/trout hatchery units (up to ₹2 lakh per unit); free fingerlings (trout, mahseer, snow trout) supply from state fisheries department hatcheries at Ranipool and Legship; 50% subsidy on fish feed for the first 2 years; free training on scientific aquaculture, disease management, and post-harvest handling at the State Fisheries Training Centre; ₹10,000 one-time grant for purchase of fishing nets and gear for river/lake-based fishermen; interest subsidy on bank loans for constructing fish ponds or purchasing refrigeration equipment; priority market access at state fisheries cooperatives and weekly haat markets; special focus on communities in North Sikkim near Teesta River and high-altitude lakes in Lachung and Lachen areas; Pradhan Mantri Matsya Sampada Yojana (PMMSY) benefits also linked through this scheme",200000,ahvs.sikkim.gov.in / District Fisheries Development Officer (offline),District Industry Center (DIC),B — livelihood/agri/capability,Yojana-Sahay-main/src/states/sikkim.js
sikkim_homestay_scheme,Sikkim,state,Sikkim Homestay Development & Registration Scheme,tourism; homestay; self-employment,Sikkim Tourism & Civil Aviation Dept. / Sikkim Homestay Development Scheme,"Financial and promotional support for Sikkim Subject holders to develop and register homestays as part of Sikkim's sustainable eco-tourism model — key benefits: one-time capital assistance of ₹1.5 lakh per homestay unit for renovation, bathroom fitting, and furnishing (for families converting existing home); additional ₹50,000 for constructing a dedicated guest room in rural/remote tourism zones (North and West Sikkim); free 5-day training in hospitality, hygiene, organic home-cooked food preparation, and English communication at Sikkim Tourism Institute; official 'Certified Sikkim Homestay' tag with listing on sikkim.gov.in/tourism portal and Incredible India platform for national and international visibility; priority inclusion in state-curated tour packages; ₹5,000 annual maintenance incentive for maintaining 4-star hygiene and cleanliness rating; electricity subsidy at domestic rate (not commercial) for registered homestays; one free refresher training per year on digital payments and online booking management",5000,sikkimtourism.gov.in / District Tourism Office (offline),District Industry Center (DIC),B — livelihood/agri/capability,Yojana-Sahay-main/src/states/sikkim.js
sikkim_st_welfare,Sikkim,state,Sikkim Scheduled Tribe Welfare & Development Schemes,tribal; st; scholarship; welfare,"Sikkim Social Justice, Empowerment & Welfare Dept. / Tribal Welfare Division","Bundle of welfare and development benefits exclusively for ST communities (Lepcha, Bhutia, Limboo/Subba, and other recognised Sikkimese tribes) — includes: pre-matric and post-matric scholarship for ST students (₹400–₹1,200 per month depending on class and boarding/day status); free hostel accommodation in government tribal hostels at Gangtok, Namchi, Geyzing, and Mangan for students studying away from home; ₹5,000 annual cultural preservation grant for registered tribal cultural groups; tribal identity card issued by Tribal Welfare Dept. for priority access across all state schemes; ₹3,500 tool kit grant per annum for traditional artisans (Lepcha weavers, Bhutia thangka painters, bamboo-cane craftsmen); reservation in state government jobs and educational institutions; legal aid and land rights support through dedicated ST cell; special package for Dzongu Lepcha Reserve residents — fully protected ecological zone of North Sikkim",14400,sikkimtribalwelfare.gov.in / District Tribal Welfare Officer (offline),District Industry Center (DIC),B — livelihood/agri/capability,Yojana-Sahay-main/src/states/sikkim.js
tn_fpo_support,Tamil Nadu,state,Farmer Producer Organisation (FPO) Support Scheme (TN),farmer fpo,Tamil Nadu Agriculture Dept. / TNSCARD,₹15 Lakh equity grant + ₹25 Lakh credit guarantee per FPO + market linkage & cold storage support,1500000,agri.tn.gov.in,District Industry Center (DIC),A — direct enterprise/finance,Yojana-Sahay-main/src/states/tamil_nadu.js
tn_kakkum_karangal,Tamil Nadu,state,Mudhalvarin Kakkum Karangal — Ex-Servicemen Scheme (TN) — Aug 2025,ex-servicemen,"Dept. of Ex-Servicemen's Welfare, Tamil Nadu",Business loan up to ₹1 Crore + 30% capital subsidy + 3% interest subsidy for ex-servicemen & their families (including martyrs' families) to start ventures,10000000,https://tiruvarur.nic.in/mudhalvarin-kaakkum-karangal-scheme,Online via Portal,A — direct enterprise/finance,Yojana-Sahay-main/src/states/tamil_nadu.js
tn_needs_entrepreneur,Tamil Nadu,state,NEEDS — New Entrepreneur Scheme (TN),entrepreneurship,Tamil Nadu Industries Dept. / TIIC,25% capital subsidy (max ₹75 Lakh) + soft loan at 3% interest for first-generation entrepreneurs,750000,https://tiic.org,Online via Portal,A — direct enterprise/finance,Yojana-Sahay-main/src/states/tamil_nadu.js
tn_street_vendor,Tamil Nadu,state,Street Vendors Livelihood Support Scheme (TN),street vendor,Tamil Nadu Urban Local Bodies / TNSULB,"₹10,000 working capital loan at 0% interest + vendor ID card + designated vending zones",10000,tnulb.gov.in,District Industry Center (DIC),A — direct enterprise/finance,Yojana-Sahay-main/src/states/tamil_nadu.js
tn_agri_value_addition,Tamil Nadu,state,Agriculture Value Addition Centres Subsidy (TN) — Sep 2025,agri entrepreneur,Tamil Nadu Agriculture & Farmers' Welfare Dept.,"25% subsidy (max ₹2.5 Cr) on setting up agri-processing units for crops like tomato, mango, millets; SC/ST & women entrepreneurs get extra 10% (total 35%)",2500000,agri.tn.gov.in,District Industry Center (DIC),B — livelihood/agri/capability,Yojana-Sahay-main/src/states/tamil_nadu.js
tn_animal_husbandry,Tamil Nadu,state,Animal Husbandry Subsidy Scheme (TN),animal husbandry,"Tamil Nadu Animal Husbandry, Dairying & Fisheries Dept.","50% subsidy (up to ₹50,000) for purchasing milch cattle, goats & poultry units for rural farmers",50000,tnvfa.gov.in,District Industry Center (DIC),B — livelihood/agri/capability,Yojana-Sahay-main/src/states/tamil_nadu.js
tn_handloom_weavers,Tamil Nadu,state,Handloom Weavers Welfare Scheme (TN),artisan; weaver,Tamil Nadu Handlooms & Textiles Dept.,"₹3,000 tool kit grant + ₹2 Lakh insurance + margin money subsidy for weavers' co-ops",3000,handlooms.tn.gov.in,District Industry Center (DIC),B — livelihood/agri/capability,Yojana-Sahay-main/src/states/tamil_nadu.js
tn_meenavar_nala,Tamil Nadu,state,Meenavar Nala Thittam — Fishermen Welfare (TN),fishermen welfare,Tamil Nadu Fisheries Dept.,"₹5,000 annual assistance + ₹2 Lakh accident insurance + free safety kits for fishermen",5000,fisheries.tn.gov.in,District Industry Center (DIC),B — livelihood/agri/capability,Yojana-Sahay-main/src/states/tamil_nadu.js
ts_bc_welfare_loan,Telangana,state,BC Welfare Corporation Self-Employment Loan (Telangana),business; bc,Telangana BC Welfare Dept. / TSBCWDCL,Loans ₹1 Lakh – ₹10 Lakh at 3–5% interest + 25% subsidy for BC community entrepreneurs,100000,bcwelfare.telangana.gov.in / Nearest Dist. BC Welfare Office,District Industry Center (DIC),A — direct enterprise/finance,Yojana-Sahay-main/src/states/telangana.js
ts_chenetha_mitra,Telangana,state,Chenetha Mitra — Handloom Weavers Welfare (Telangana),artisan; weaver,Telangana Handlooms & Textiles Dept.,"₹2,000/month income support + free yarn + ₹2 Lakh accident insurance + subsidised loans for handloom weavers",24000,handlooms.telangana.gov.in / Nearest Weavers Co-op / District Office,District Industry Center (DIC),A — direct enterprise/finance,Yojana-Sahay-main/src/states/telangana.js
ts_cheyuta,Telangana,state,Cheyuta — SC/ST Self-Employment Scheme (Telangana),business; sc-st,Telangana SC Development & Tribal Welfare Dept.,"₹75,000 loan at low interest + 20% subsidy for SC/ST persons to start small businesses or trades",75000,tsscfdc.com / Nearest DRDA / ITDA Office,District Industry Center (DIC),A — direct enterprise/finance,Yojana-Sahay-main/src/states/telangana.js
ts_stree_nidhi,Telangana,state,Stree Nidhi — Women SHG Credit Cooperative (Telangana),women; shg,Telangana MEPMA / Women SHG Dept.,Emergency loan ₹1 Lakh within 24 hrs + project loan up to ₹10 Lakh at 3% interest for SHG women groups,100000,https://ibpsreg.ibps.in/snccflapr26/uploads/loadpdf.php?file=k7m5p+fQ15e7yM7Wx9XG2tuYoJS+pdGTpaeV6Kqlcg%3D%3D&t=xa3HneXVzdutx9Dh1ZfVzs8%3D,Online via Portal,A — direct enterprise/finance,Yojana-Sahay-main/src/states/telangana.js
ts_t_pride,Telangana,state,T-PRIDE — SC Entrepreneur Loan Scheme (Telangana),business; sc,Telangana SC Development Dept. / TSSCFDC,Loan ₹10 Lakh – ₹5 Crore at 3% interest + 20% subsidy for SC entrepreneurs to start businesses,50000000,https://schemesinindia.in/schemes/telangana/telangana-t-pride-bc-entrepreneur-loan,Online via Portal,A — direct enterprise/finance,Yojana-Sahay-main/src/states/telangana.js
ts_bathukamma_saree,Telangana,state,Bathukamma Saree Scheme (Telangana),women; festival,Telangana Women Development & Child Welfare Dept.,Free festival saree (handloom) to all women every year during Bathukamma festival; supports women & handloom weavers,600,Distributed via MeeSeva / Fair Price Shop — no separate application,District Industry Center (DIC),B — livelihood/agri/capability,Yojana-Sahay-main/src/states/telangana.js
ts_sheep_distribution,Telangana,state,Free Sheep / Goat Distribution for SC Shepherds (Telangana),animal husbandry; sc,Telangana Animal Husbandry / SC Development Dept.,10 sheep + 1 ram unit (worth ₹1 Lakh+) with 85% govt subsidy for SC shepherd community; free veterinary support,100000,Nearest District Animal Husbandry / DRDA Office,District Industry Center (DIC),B — livelihood/agri/capability,Yojana-Sahay-main/src/states/telangana.js
ts_rythu_rinamafi,Telangana,state,Rythu Rinamafi — Crop Loan Waiver Scheme (Telangana),farmer; loan waiver,Telangana Agriculture & Cooperation Dept.,Crop loan waiver up to ₹2 Lakh per farmer for eligible outstanding agricultural loans from cooperative & commercial banks,200000,rythubandhu.telangana.gov.in / Nearest Cooperative Bank / Agriculture Dept.,District Industry Center (DIC),B — livelihood/agri/capability,Yojana-Sahay-main/src/states/telangana.js
ts_fishermen_welfare,Telangana,state,Telangana Fishermen Welfare Scheme,fishermen,Telangana Fisheries Dept.,"₹10,000/year support + ₹5,000 seasonal fishing ban compensation + ₹2 Lakh accident insurance + free fishing nets for registered fishermen",10000,fisheries.telangana.gov.in / Nearest Fisheries Extension Officer,District Industry Center (DIC),B — livelihood/agri/capability,Yojana-Sahay-main/src/states/telangana.js
tripura_cm_yuva_karyasuchi,Tripura,state,Mukhyamantri Yuva Udyami Yojana (Tripura),youth; self-employment; entrepreneur,Tripura Industries & Commerce Dept. / TRIBE (Tripura Industrial Development Corporation),"Collateral-free loan of ₹2 lakh–₹25 lakh for educated unemployed youth (18–40 years) to start new micro/small enterprises; 25–35% capital subsidy on project cost (higher for SC/ST/women/ex-servicemen); free skill training through TRIBE and ITIs; mentoring, incubation, and market linkage support; priority to youth from rural and tribal areas",200000,industry.tripura.gov.in / District Industries Centre (DIC) office,District Industry Center (DIC),A — direct enterprise/finance,Yojana-Sahay-main/src/states/tripura.js
tripura_trlm_shg,Tripura,state,Tripura Rural Livelihood Mission — SHG Loan & Support (Tripura),women; shg; entrepreneurship,Tripura Rural Livelihood Mission (TRLM) / Panchayati Raj Dept.,"Interest-free or subsidised loans up to ₹3 lakh for women Self-Help Group (SHG) members to start or scale small enterprises; seed money of ₹15,000 for new SHGs; revolving fund support; capacity-building, skill training, and market linkage through TRLM; helps women engage in agro-processing, handloom, handicrafts, and retail businesses",300000,trlm.tripura.gov.in / Block TRLM office (offline),District Industry Center (DIC),A — direct enterprise/finance,Yojana-Sahay-main/src/states/tripura.js
tripura_adc_tribal_welfare,Tripura,state,TTAADC Tribal Development & Welfare Schemes (Tripura),tribal; sc-st; welfare,Tripura Tribal Welfare Dept. / Tripura Tribal Areas Autonomous District Council (TTAADC),"Cluster of welfare benefits administered by the Tripura Tribal Areas Autonomous District Council — includes free textbooks and uniforms for tribal students (Class 1–12), residential school support (hostels), livelihood assistance for traditional occupational groups (fishing, bamboo crafts, weaving), and ₹5,000 one-time grant for tribal women starting micro-enterprises under TTAADC jurisdiction",5000,ttaadc.nic.in / nearest TTAADC Block Development Office,District Industry Center (DIC),B — livelihood/agri/capability,Yojana-Sahay-main/src/states/tripura.js
up_yuva_udyami,Uttar Pradesh,state,Mukhyamantri Yuva Udyami Vikas Abhiyan (UP),youth; entrepreneurship; msme,UP MSME Dept.,"Interest-free loan up to ₹5 lakh for youth (18–40 years) to start new micro-enterprises or self-employment ventures in manufacturing, service, or trade sector; government bears interest cost for loan repayment; scheme targets 1 lakh youth per year with goal of creating 10 lakh micro units in 10 years; minimum qualification Class 8 (preference to Class 12+)",500000,https://www.myscheme.gov.in/schemes/myuyb,Online via Portal,A — direct enterprise/finance,Yojana-Sahay-main/src/states/uttar_pradesh.js
up_vishwakarma_shram,Uttar Pradesh,state,Vishwakarma Shram Samman Yojana (UP),artisan; self-employment; skill,UP MSME & Export Promotion Dept.,"₹10,000 to ₹10 lakh financial assistance for traditional artisans and craftsmen to establish or scale small industries + free 6-day skill training at government centres; covers carpenters, tailors, barbers, goldsmiths, potters, basket weavers, cobblers, blacksmiths, hawkers, and other traditional trades; toolkit provided; amount transferred directly to bank account",1000000,http://msme1connect.up.gov.in,Online via Portal,A — direct enterprise/finance,Yojana-Sahay-main/src/states/uttar_pradesh.js
uk_saur_swarojgar,Uttarakhand,state,Mukhyamantri Saur Swarojgar Yojana (Uttarakhand),youth; solar; self-employment,Uttarakhand Renewable Energy Dev. Agency (UREDA) / Labour Dept.,"25 kW solar plant set up on lease land with 70% bank loan + 25% state subsidy (only 5% own contribution); beneficiary earns by selling electricity to UPCL at ₹4.07/unit; estimated income ₹1–1.5 lakh/year; targeted at migrant workers, unemployed youth, and farmers of Uttarakhand; 10,000 units planned; 25-year agreement with UPCL",100000,https://ureda.uk.gov.in,Online via Portal,A — direct enterprise/finance,Yojana-Sahay-main/src/states/uttarakhand.js
uk_swarozgar_yojana,Uttarakhand,state,Mukhyamantri Swarozgar Yojana (Uttarakhand),youth; self-employment; msme loan,Uttarakhand Dept. of Industry / MSME,"Loans up to ₹25 lakh for service/trade sector and ₹50 lakh for manufacturing sector for Uttarakhand domicile youth (18–45 years); 25% margin money subsidy (max ₹6.25 lakh) for general category; 35% subsidy for SC/ST/Women/disabled/ex-servicemen (max ₹12.5 lakh); covers new ventures in manufacturing, handicrafts, tourism, IT, and service industries",2500000,https://msme1connect.up.gov.in/Home/SchemesList/5,Online via Portal,A — direct enterprise/finance,Yojana-Sahay-main/src/states/uttarakhand.js
wb_bhabishyat_credit,West Bengal,state,Bhabishyat Credit Card Scheme (West Bengal),sc; st; obc; self-employed credit,West Bengal Finance Dept. / Backward Classes Welfare Dept.,₹2 lakh overdraft credit facility at 7% interest for SC/ST/OBC artisans and self-employed persons; WB Govt. pays 3% interest subsidy (net cost to beneficiary: 4%); no collateral; enables working capital for micro-enterprises,200000,Apply at nearest bank (nationalized) with WB Backward Classes Welfare Dept. referral,District Industry Center (DIC),A — direct enterprise/finance,Yojana-Sahay-main/src/states/west_bengal.js
wb_student_credit_card,West Bengal,state,West Bengal Student Credit Card Scheme,student; education loan,West Bengal Higher Education Dept.,"Education loan up to ₹10 lakh at 4% simple interest (0% for women, disabled & transgender students) for higher education after Class 12; no collateral; no income limit; repayment begins 1 year after getting a job; covers tuition, hostel, books, laptop",1000000,https://www.myscheme.gov.in/schemes/wbsccs,Online via Portal,A — direct enterprise/finance,Yojana-Sahay-main/src/states/west_bengal.js